clientId, amountReceived
676606, 94
676607, 72
676608, 73
676609, 22
676610, 70
676611, 32
676612, 19
676613, 15
676614, 13
676615, 14
676616, 16
676617, 14
676618, 4
676619, 14
676620, 10
676621, 10
676622, 9
676623, 11
676624, 3
676625, 14
676626, 16
676627, 14
676628, 5
676629, 12
676631, 4
676632, 6
676633, 8
676634, 15
676635, 15
676636, 19
676637, 19
676638, 6
676639, 1
676640, 12
676641, 13
676642, 14
676643, 12
676645, 12
676646, 11
676647, 11
676648, 11
676649, 12
676650, 12
676651, 8
676652, 4
676653, 10
676654, 19
676655, 17
676656, 17
676658, 8
676659, 11
676660, 15
676661, 7
676662, 10
676663, 9
676664, 9
676665, 7
676666, 12
676667, 17
676668, 14
676669, 12
676670, 12
676671, 14
676672, 14
676674, 17
676675, 16
676676, 16
676677, 4
676678, 18
676680, 14
676681, 8
676682, 13
676683, 11
676686, 9
676687, 10
676688, 10
676689, 7
676690, 10
676691, 9
676692, 7
676693, 3
676694, 22
676695, 24
676696, 15
676697, 9
676698, 17
676699, 11
676700, 1
676702, 2
676703, 15
676704, 17
676705, 9
676706, 6
676707, 10
676708, 11
676709, 1
676710, 9
676711, 13
676712, 9
676713, 27
676714, 2
676715, 16
676716, 24
676718, 13
676719, 8
676720, 3
676721, 8
676722, 7
676723, 9
676724, 7
676725, 7
676726, 7
676727, 9
676728, 14
676729, 11
676730, 14
676731, 12
676732, 11
676733, 14
676734, 23
676735, 1
676737, 1
676738, 1
676739, 15
676740, 22
676741, 22
676743, 11
676744, 15
676745, 8
676746, 15
676747, 11
676748, 10
676750, 17
676751, 16
676752, 3
676753, 6
676754, 10
676755, 2
676756, 16
676757, 16
676758, 14
676759, 14
676760, 12
676761, 14
676762, 15
676763, 7
676764, 13
676765, 1
676766, 11
676767, 12
676768, 14
676769, 8
676770, 21
676772, 22
676773, 15
676774, 24
676775, 8
676776, 3
676777, 3
676778, 15
676779, 13
676781, 8
676782, 8
676784, 6
676785, 12
676787, 6
676788, 31
676789, 7
676790, 13
676791, 10
676792, 23
676793, 11
676794, 8
676795, 8
676796, 11
676797, 11
676798, 11
676799, 8
676800, 8
676801, 7
676802, 7
676803, 11
676804, 7
676805, 6
676806, 4
676807, 2
676809, 25
676810, 26
676811, 3
676812, 2
676813, 19
676814, 9
676816, 1
676817, 24
676818, 25
676821, 11
676822, 15
676823, 16
676824, 10
676825, 3
676826, 8
676827, 10
676828, 19
676829, 21
676830, 8
676831, 10
676834, 14
676835, 15
676836, 5
676837, 12
676838, 9
676839, 10
676840, 10
676841, 12
676842, 16
676843, 5
676844, 8
676845, 17
676846, 16
676847, 7
676848, 13
676849, 14
676851, 11
676853, 10
676854, 10
676855, 19
676856, 2
676858, 23
676859, 8
676860, 10
676861, 10
676862, 11
676863, 7
676864, 9
676865, 9
676866, 7
676867, 8
676868, 6
676869, 15
676870, 13
676871, 14
676872, 6
676873, 16
676874, 5
676875, 13
676876, 13
676877, 13
676878, 2
676879, 11
676880, 13
676882, 8
676883, 5
676885, 11
676886, 12
676887, 12
676888, 11
676889, 13
676890, 11
676891, 16
676892, 14
676893, 13
676894, 15
676895, 16
676896, 10
676897, 19
676898, 18
676899, 16
676900, 20
676902, 15
676903, 2
676906, 18
676907, 5
676908, 9
676909, 8
676911, 8
676912, 18
676913, 8
676914, 15
676915, 9
676916, 8
676917, 7
676919, 16
676920, 1
676921, 14
676922, 12
676923, 15
676924, 16
676925, 18
676926, 15
676927, 3
676929, 3
676930, 20
676931, 13
676933, 11
676934, 10
676936, 10
676937, 12
676938, 9
676939, 8
676940, 12
676941, 32
676942, 10
676943, 2
676945, 10
676946, 24
676947, 9
676948, 9
676949, 9
676950, 5
676951, 11
676952, 9
676953, 8
676954, 8
676955, 9
676956, 16
676957, 11
676958, 5
676959, 11
676960, 13
676961, 11
676963, 7
676964, 6
676965, 17
676966, 13
676967, 10
676968, 20
676969, 9
676970, 5
676971, 5
676972, 13
676973, 5
676974, 8
676976, 7
676977, 19
676978, 7
676979, 41
676980, 13
676981, 3
676983, 20
676985, 6
676986, 13
676987, 14
676988, 12
676989, 7
676990, 7
676991, 13
676992, 6
676993, 9
676994, 19
676995, 18
676996, 7
676997, 11
676998, 6
676999, 7
677000, 19
677001, 1
677002, 14
677004, 16
677005, 14
677006, 16
677008, 5
677009, 15
677010, 16
677011, 7
677013, 9
677014, 6
677015, 10
677016, 11
677019, 8
677020, 11
677021, 9
677022, 8
677023, 18
677024, 6
677025, 15
677026, 7
677027, 20
677028, 7
677029, 12
677030, 6
677031, 7
677032, 7
677033, 7
677034, 5
677035, 9
677036, 1
677037, 9
677038, 22
677039, 7
677040, 10
677041, 10
677042, 22
677043, 18
677044, 8
677045, 3
677046, 21
677047, 7
677048, 9
677049, 9
677050, 15
677051, 8
677052, 27
677053, 8
677054, 18
677055, 7
677056, 8
677057, 7
677058, 14
677059, 13
677060, 1
677062, 12
677063, 5
677064, 12
677065, 10
677066, 1
677067, 24
677068, 12
677069, 13
677070, 14
677071, 6
677072, 3
677073, 5
677074, 13
677075, 24
677076, 12
677078, 12
677079, 7
677080, 3
677081, 10
677082, 11
677083, 11
677084, 10
677085, 20
677086, 19
677087, 9
677088, 29
677089, 9
677091, 13
677092, 7
677093, 12
677094, 7
677095, 37
677096, 11
677097, 1
677098, 7
677099, 11
677100, 10
677101, 5
677102, 2
677103, 13
677104, 9
677105, 14
677106, 8
677107, 9
677108, 12
677110, 7
677112, 13
677113, 8
677114, 10
677115, 12
677116, 9
677117, 9
677119, 11
677120, 9
677121, 12
677123, 10
677124, 12
677125, 10
677126, 10
677127, 11
677128, 11
677129, 11
677130, 9
677131, 9
677132, 32
677135, 9
677136, 10
677138, 9
677139, 11
677140, 8
677141, 10
677142, 9
677144, 10
677145, 1
677146, 4
677147, 11
677148, 8
677149, 10
677150, 12
677151, 13
677153, 9
677154, 10
677155, 23
677156, 10
677157, 14
677158, 9
677159, 7
677160, 9
677161, 8
677162, 8
677163, 18
677164, 10
677165, 12
677166, 37
677167, 10
677168, 17
677169, 1
677170, 13
677171, 12
677172, 2
677173, 9
677174, 1
677175, 11
677176, 9
677177, 16
677178, 17
677179, 12
677180, 12
677181, 12
677182, 23
677183, 1
677185, 8
677186, 9
677188, 11
677190, 9
677191, 9
677192, 15
677193, 11
677196, 11
677197, 9
677198, 10
677199, 11
677200, 6
677201, 8
677202, 9
677203, 13
677204, 10
677205, 14
677206, 2
677207, 16
677208, 7
677209, 20
677210, 15
677211, 7
677212, 9
677213, 12
677214, 21
677215, 10
677216, 16
677217, 16
677218, 6
677219, 12
677221, 18
677222, 2
677223, 10
677224, 17
677225, 15
677226, 8
677228, 15
677229, 20
677230, 9
677232, 4
677233, 16
677234, 16
677235, 6
677236, 29
677239, 11
677240, 9
677242, 8
677243, 8
677244, 6
677245, 5
677247, 19
677248, 27
677249, 18
677250, 7
677251, 7
677252, 9
677253, 7
677256, 10
677257, 12
677258, 7
677259, 8
677260, 10
677262, 11
677263, 8
677264, 9
677267, 11
677268, 36
677270, 7
677271, 13
677272, 7
677273, 13
677274, 12
677275, 11
677276, 9
677279, 10
677280, 14
677282, 12
677284, 11
677285, 9
677286, 10
677287, 9
677288, 13
677289, 11
677290, 5
677291, 7
677292, 15
677293, 9
677296, 25
677298, 10
677299, 9
677301, 8
677302, 10
677303, 20
677304, 8
677305, 5
677306, 24
677307, 1
677308, 9
677309, 21
677310, 2
677311, 10
677312, 12
677313, 2
677314, 12
677316, 6
677317, 9
677318, 11
677319, 13
677320, 9
677321, 7
677322, 10
677324, 9
677325, 9
677326, 10
677327, 12
677328, 9
677329, 15
677331, 10
677332, 8
677333, 10
677335, 9
677337, 7
677338, 12
677339, 18
677340, 17
677342, 12
677344, 13
677345, 10
677347, 20
677348, 1
677349, 8
677350, 12
677352, 26
677353, 9
677354, 19
677355, 10
677356, 5
677357, 8
677358, 9
677359, 7
677360, 8
677361, 2
677362, 6
677363, 1
677364, 11
677365, 7
677366, 12
677367, 7
677370, 13
677371, 20
677372, 7
677373, 16
677374, 9
677375, 8
677376, 7
677377, 12
677378, 2
677379, 21
677380, 12
677382, 8
677383, 5
677384, 21
677385, 13
677386, 16
677387, 40
677389, 11
677390, 13
677394, 12
677395, 13
677397, 11
677398, 20
677399, 9
677400, 9
677401, 9
677402, 8
677403, 9
677404, 7
677405, 9
677406, 4
677407, 8
677408, 10
677409, 8
677411, 11
677412, 10
677413, 15
677414, 10
677415, 7
677416, 20
677417, 11
677418, 25
677420, 13
677421, 12
677423, 3
677424, 21
677425, 7
677426, 10
677427, 10
677428, 12
677429, 13
677430, 16
677431, 11
677433, 11
677434, 11
677435, 17
677436, 8
677437, 9
677438, 5
677439, 22
677442, 23
677444, 21
677445, 21
677446, 17
677447, 19
677448, 17
677450, 5
677452, 12
677453, 9
677454, 4
677455, 15
677456, 10
677458, 10
677459, 9
677460, 3
677461, 8
677462, 18
677464, 1
677465, 7
677466, 12
677467, 6
677468, 8
677469, 10
677471, 10
677472, 11
677473, 11
677474, 9
677475, 13
677476, 5
677477, 9
677478, 13
677479, 12
677480, 1
677481, 13
677482, 12
677483, 10
677484, 14
677485, 14
677486, 13
677487, 11
677489, 9
677490, 7
677491, 9
677492, 3
677493, 8
677494, 13
677495, 3
677496, 13
677497, 3
677498, 10
677499, 10
677500, 7
677501, 15
677502, 4
677503, 13
677504, 1
677505, 13
677506, 8
677507, 15
677508, 10
677509, 15
677510, 9
677511, 14
677512, 10
677514, 15
677515, 7
677516, 3
677517, 11
677518, 1
677519, 16
677520, 11
677521, 1
677523, 13
677524, 12
677526, 32
677527, 3
677528, 11
677529, 30
677530, 7
677533, 14
677534, 18
677535, 15
677536, 9
677538, 16
677539, 15
677541, 14
677542, 12
677543, 11
677546, 13
677549, 7
677550, 14
677551, 18
677552, 15
677553, 10
677554, 15
677556, 19
677557, 9
677558, 1
677559, 13
677561, 14
677563, 16
677564, 18
677565, 14
677566, 14
677567, 9
677568, 14
677572, 9
677573, 12
677574, 10
677575, 9
677576, 25
677577, 8
677578, 4
677579, 4
677580, 12
677581, 11
677582, 13
677583, 7
677584, 10
677586, 3
677587, 20
677588, 15
677589, 22
677590, 14
677591, 3
677592, 11
677595, 16
677596, 16
677597, 3
677599, 15
677600, 19
677601, 1
677602, 13
677603, 4
677604, 17
677606, 3
677608, 10
677609, 12
677610, 13
677611, 12
677612, 11
677613, 23
677614, 7
677615, 10
677616, 10
677617, 11
677618, 9
677619, 25
677621, 9
677622, 12
677623, 4
677624, 12
677625, 44
677626, 5
677627, 12
677629, 12
677630, 9
677632, 9
677633, 9
677634, 8
677635, 14
677636, 7
677637, 7
677638, 13
677639, 16
677640, 12
677641, 6
677642, 15
677643, 25
677647, 15
677648, 15
677649, 10
677650, 7
677651, 2
677652, 1
677653, 8
677654, 11
677655, 11
677656, 14
677657, 17
677658, 10
677659, 10
677660, 11
677661, 11
677662, 13
677663, 20
677664, 9
677666, 8
677668, 13
677670, 22
677671, 12
677672, 17
677673, 17
677675, 23
677679, 10
677680, 17
677681, 14
677682, 11
677683, 12
677684, 13
677685, 2
677686, 37
677687, 11
677688, 1
677690, 8
677691, 8
677692, 10
677693, 9
677694, 10
677695, 10
677696, 10
677697, 10
677698, 16
677701, 10
677703, 16
677704, 8
677705, 7
677706, 17
677707, 7
677709, 16
677710, 9
677712, 1
677713, 11
677714, 11
677715, 11
677716, 11
677717, 9
677721, 9
677722, 13
677723, 12
677724, 14
677725, 14
677726, 10
677728, 16
677730, 12
677731, 16
677732, 17
677734, 15
677735, 13
677737, 16
677738, 15
677739, 14
677740, 14
677741, 19
677743, 11
677745, 7
677746, 10
677747, 10
677748, 11
677749, 2
677750, 23
677753, 9
677754, 13
677756, 14
677757, 6
677758, 20
677759, 21
677760, 11
677761, 13
677762, 12
677765, 20
677766, 22
677767, 4
677768, 5
677769, 2
677770, 16
677771, 13
677772, 19
677774, 14
677775, 16
677776, 18
677777, 17
677778, 4
677779, 15
677780, 13
677782, 14
677783, 12
677784, 10
677786, 10
677789, 8
677790, 9
677791, 14
677792, 10
677793, 7
677794, 13
677796, 4
677797, 7
677798, 17
677799, 10
677800, 12
677801, 10
677802, 13
677803, 17
677804, 7
677805, 27
677806, 9
677807, 14
677808, 4
677809, 19
677810, 3
677812, 15
677814, 16
677815, 13
677816, 16
677817, 13
677818, 12
677819, 14
677820, 8
677821, 14
677822, 12
677823, 13
677827, 15
677828, 3
677829, 15
677830, 7
677832, 12
677833, 10
677834, 13
677835, 10
677838, 6
677839, 10
677840, 11
677841, 16
677842, 10
677843, 12
677844, 10
677847, 12
677848, 17
677850, 16
677851, 10
677854, 12
677855, 11
677856, 12
677858, 11
677860, 11
677861, 1
677862, 12
677863, 27
677864, 14
677866, 8
677867, 10
677868, 28
677869, 5
677870, 16
677871, 10
677872, 11
677873, 13
677874, 13
677875, 10
677876, 14
677877, 16
677878, 10
677879, 12
677880, 15
677881, 12
677882, 7
677883, 16
677884, 7
677885, 8
677886, 7
677887, 19
677888, 19
677889, 6
677890, 2
677892, 8
677893, 9
677894, 9
677895, 15
677896, 17
677897, 26
677898, 3
677899, 11
677900, 8
677901, 10
677902, 10
677904, 15
677905, 3
677906, 9
677908, 12
677909, 14
677913, 15
677914, 12
677915, 16
677916, 20
677917, 18
677921, 7
677922, 7
677923, 24
677925, 1
677926, 8
677927, 9
677928, 10
677930, 9
677931, 10
677932, 11
677934, 17
677935, 16
677936, 18
677937, 8
677938, 8
677940, 22
677941, 22
677943, 13
677945, 16
677946, 12
677947, 11
677948, 12
677949, 6
677950, 8
677951, 12
677953, 22
677954, 23
677955, 5
677958, 24
677959, 15
677960, 22
677962, 9
677964, 14
677965, 1
677966, 12
677967, 17
677968, 11
677969, 15
677971, 12
677972, 16
677973, 13
677974, 13
677975, 11
677977, 2
677978, 3
677979, 20
677981, 14
677983, 11
677984, 21
677985, 9
677986, 15
677987, 11
677988, 9
677989, 9
677990, 8
677991, 11
677992, 2
677993, 13
677994, 12
677995, 13
677996, 4
677998, 13
677999, 16
678000, 12
678001, 14
678002, 4
678003, 17
678004, 1
678005, 12
678006, 15
678007, 16
678008, 16
678009, 9
678012, 6
678013, 17
678014, 7
678015, 19
678016, 1
678017, 19
678019, 3
678020, 6
678021, 15
678023, 14
678024, 16
678025, 20
678026, 17
678027, 17
678028, 2
678029, 16
678030, 17
678031, 14
678032, 13
678033, 8
678034, 17
678035, 17
678037, 13
678038, 3
678039, 18
678040, 1
678043, 10
678044, 14
678045, 10
678046, 10
678047, 18
678048, 10
678049, 14
678050, 8
678051, 9
678053, 21
678054, 8
678055, 11
678056, 12
678057, 7
678058, 13
678059, 8
678060, 8
678061, 8
678062, 21
678063, 10
678065, 10
678066, 10
678067, 21
678069, 25
678070, 10
678072, 9
678073, 8
678075, 10
678077, 24
678078, 17
678080, 4
678081, 15
678082, 10
678083, 11
678084, 22
678085, 12
678086, 5
678087, 10
678088, 12
678089, 11
678090, 14
678091, 11
678092, 8
678093, 6
678094, 12
678095, 15
678096, 5
678097, 7
678098, 19
678099, 15
678100, 15
678101, 2
678102, 4
678103, 21
678104, 16
678106, 17
678107, 19
678108, 12
678109, 1
678110, 8
678111, 5
678112, 8
678113, 7
678114, 9
678115, 8
678117, 7
678118, 8
678119, 6
678120, 9
678121, 3
678122, 2
678123, 10
678124, 10
678125, 12
678126, 12
678127, 11
678128, 6
678129, 16
678131, 11
678132, 10
678133, 11
678134, 21
678135, 11
678136, 17
678137, 10
678138, 9
678139, 8
678140, 13
678141, 13
678142, 11
678143, 12
678144, 12
678148, 10
678149, 5
678150, 7
678151, 13
678152, 18
678153, 12
678154, 25
678155, 11
678156, 2
678157, 9
678158, 11
678159, 14
678160, 9
678161, 13
678162, 10
678163, 15
678164, 17
678165, 13
678167, 11
678168, 14
678169, 15
678171, 6
678172, 20
678173, 16
678174, 1
678175, 4
678176, 18
678177, 10
678178, 31
678179, 9
678180, 28
678181, 9
678183, 14
678184, 10
678186, 15
678187, 10
678188, 12
678189, 14
678190, 14
678192, 16
678193, 14
678195, 15
678196, 16
678198, 12
678199, 10
678200, 14
678201, 11
678202, 13
678205, 14
678206, 1
678207, 9
678208, 15
678209, 12
678210, 38
678211, 3
678212, 5
678214, 13
678215, 17
678216, 8
678217, 9
678218, 15
678219, 17
678220, 6
678221, 8
678223, 7
678224, 13
678225, 10
678226, 13
678228, 8
678229, 17
678230, 11
678231, 10
678232, 9
678234, 34
678235, 10
678236, 10
678237, 8
678239, 10
678240, 8
678241, 9
678242, 21
678243, 7
678245, 7
678246, 8
678247, 11
678248, 8
678249, 2
678250, 17
678251, 8
678252, 1
678253, 2
678256, 17
678257, 5
678258, 9
678259, 23
678260, 8
678261, 15
678262, 6
678263, 31
678265, 3
678266, 15
678267, 18
678269, 17
678271, 16
678272, 3
678273, 18
678274, 8
678277, 11
678278, 7
678279, 22
678280, 8
678281, 5
678282, 13
678283, 22
678284, 11
678285, 8
678286, 10
678287, 7
678288, 5
678289, 9
678290, 21
678291, 14
678293, 11
678294, 10
678295, 11
678296, 4
678297, 10
678300, 12
678301, 13
678302, 12
678303, 16
678304, 13
678306, 4
678307, 13
678308, 19
678310, 12
678311, 18
678312, 12
678313, 14
678314, 12
678315, 4
678316, 14
678317, 22
678318, 10
678319, 15
678320, 6
678321, 11
678322, 24
678323, 10
678325, 14
678326, 11
678327, 11
678328, 12
678329, 2
678331, 12
678333, 11
678334, 13
678335, 13
678336, 24
678337, 12
678338, 3
678339, 15
678340, 24
678341, 20
678342, 8
678343, 11
678345, 6
678346, 13
678347, 9
678349, 6
678350, 16
678351, 16
678352, 9
678353, 12
678354, 16
678355, 18
678356, 9
678358, 20
678359, 14
678361, 1
678363, 14
678364, 2
678365, 14
678367, 17
678369, 20
678370, 10
678371, 19
678372, 17
678373, 1
678374, 8
678375, 8
678376, 12
678377, 14
678379, 15
678380, 15
678381, 7
678382, 15
678383, 7
678384, 13
678386, 14
678387, 10
678388, 14
678389, 18
678391, 13
678392, 22
678393, 7
678394, 22
678396, 14
678397, 3
678399, 10
678400, 2
678401, 11
678402, 12
678404, 21
678405, 3
678406, 11
678407, 10
678408, 7
678409, 10
678410, 15
678411, 12
678412, 18
678413, 13
678414, 11
678417, 16
678418, 10
678419, 10
678420, 8
678421, 19
678422, 9
678423, 7
678424, 12
678425, 5
678426, 10
678427, 7
678429, 12
678430, 13
678431, 13
678432, 12
678433, 8
678434, 12
678436, 1
678437, 14
678438, 12
678439, 16
678440, 15
678441, 12
678442, 10
678443, 12
678444, 14
678445, 2
678446, 2
678447, 10
678448, 1
678449, 10
678450, 4
678451, 15
678452, 15
678453, 11
678454, 11
678455, 15
678456, 12
678457, 14
678458, 2
678459, 15
678460, 11
678461, 12
678462, 12
678463, 10
678464, 14
678465, 12
678466, 12
678467, 12
678469, 11
678470, 12
678471, 10
678472, 11
678474, 16
678475, 5
678476, 11
678478, 12
678479, 13
678480, 10
678481, 9
678482, 16
678484, 19
678485, 13
678486, 11
678487, 1
678488, 13
678489, 19
678490, 6
678491, 2
678493, 7
678495, 8
678496, 12
678498, 7
678499, 19
678501, 7
678502, 9
678504, 10
678505, 15
678506, 16
678507, 10
678508, 15
678509, 13
678511, 12
678512, 14
678513, 12
678514, 11
678515, 12
678517, 12
678518, 9
678519, 15
678520, 8
678522, 14
678523, 14
678525, 21
678526, 17
678528, 13
678529, 12
678532, 13
678533, 14
678534, 11
678535, 14
678536, 24
678537, 3
678539, 8
678540, 12
678541, 13
678542, 21
678543, 12
678544, 4
678546, 11
678547, 17
678549, 15
678550, 14
678551, 15
678552, 13
678553, 11
678554, 4
678555, 11
678556, 2
678557, 22
678559, 11
678560, 14
678562, 12
678563, 1
678564, 12
678565, 10
678566, 12
678567, 10
678568, 25
678569, 2
678570, 15
678571, 9
678573, 15
678574, 2
678575, 17
678576, 8
678577, 10
678578, 12
678580, 14
678581, 17
678582, 6
678583, 14
678585, 12
678586, 8
678587, 12
678590, 5
678592, 12
678593, 11
678594, 2
678595, 14
678597, 7
678598, 9
678599, 7
678601, 15
678602, 11
678603, 13
678605, 16
678606, 12
678608, 16
678609, 16
678610, 11
678611, 15
678613, 15
678614, 16
678615, 10
678616, 16
678618, 15
678619, 8
678620, 7
678621, 16
678622, 10
678623, 5
678624, 9
678626, 10
678629, 13
678630, 16
678631, 36
678632, 21
678633, 12
678634, 9
678635, 20
678637, 9
678641, 20
678642, 9
678643, 13
678645, 12
678646, 8
678648, 8
678649, 10
678650, 1
678651, 19
678652, 8
678653, 7
678654, 1
678657, 20
678658, 6
678659, 7
678660, 8
678661, 8
678662, 17
678665, 19
678666, 13
678667, 15
678668, 11
678669, 11
678670, 7
678671, 11
678672, 12
678673, 5
678674, 8
678675, 13
678676, 11
678677, 3
678678, 9
678679, 9
678680, 13
678682, 9
678683, 8
678684, 19
678685, 17
678686, 6
678687, 8
678689, 16
678690, 10
678691, 9
678692, 18
678693, 13
678695, 10
678697, 14
678698, 21
678700, 6
678701, 9
678702, 8
678703, 12
678704, 11
678706, 11
678707, 16
678708, 10
678709, 16
678710, 11
678711, 17
678712, 4
678714, 9
678716, 10
678718, 10
678720, 13
678722, 11
678724, 19
678726, 9
678727, 18
678729, 10
678730, 10
678731, 11
678732, 21
678733, 14
678734, 11
678735, 10
678736, 10
678738, 10
678740, 15
678741, 16
678743, 10
678744, 10
678745, 4
678746, 16
678747, 14
678748, 15
678749, 3
678750, 10
678751, 10
678752, 17
678753, 31
678755, 25
678756, 7
678757, 11
678758, 3
678760, 2
678761, 9
678762, 13
678763, 6
678764, 10
678765, 11
678766, 7
678767, 11
678768, 16
678770, 8
678771, 10
678772, 10
678773, 17
678775, 16
678776, 10
678777, 22
678778, 19
678779, 2
678780, 10
678781, 9
678782, 21
678784, 11
678785, 5
678786, 12
678787, 19
678788, 16
678789, 9
678790, 9
678791, 14
678792, 14
678794, 5
678796, 16
678799, 23
678800, 4
678801, 16
678802, 22
678803, 11
678804, 12
678805, 11
678806, 6
678807, 16
678810, 22
678812, 22
678813, 13
678814, 22
678817, 15
678818, 10
678819, 12
678820, 3
678821, 15
678822, 13
678823, 9
678824, 3
678825, 12
678827, 13
678828, 13
678829, 12
678831, 13
678834, 10
678835, 11
678836, 10
678837, 10
678840, 1
678842, 17
678843, 12
678844, 29
678845, 18
678846, 8
678848, 13
678849, 16
678850, 12
678852, 2
678853, 12
678854, 12
678855, 13
678856, 8
678857, 11
678858, 12
678859, 5
678860, 28
678861, 12
678862, 11
678864, 14
678866, 11
678867, 14
678868, 14
678869, 1
678870, 12
678872, 15
678873, 17
678874, 15
678875, 15
678876, 12
678877, 11
678878, 13
678880, 13
678881, 10
678882, 11
678883, 3
678884, 17
678886, 15
678887, 15
678888, 13
678889, 10
678890, 14
678892, 1
678893, 6
678894, 11
678895, 13
678896, 15
678897, 15
678898, 9
678899, 13
678900, 8
678901, 2
678902, 5
678905, 18
678906, 7
678908, 13
678909, 13
678911, 2
678912, 13
678913, 6
678914, 3
678915, 15
678916, 17
678917, 16
678918, 13
678919, 17
678920, 11
678921, 4
678922, 19
678924, 13
678925, 16
678927, 14
678928, 18
678929, 13
678931, 5
678932, 19
678933, 15
678936, 13
678937, 16
678938, 11
678939, 20
678940, 9
678942, 16
678943, 1
678944, 16
678945, 21
678946, 1
678947, 18
678948, 16
678949, 10
678950, 13
678951, 9
678952, 3
678953, 11
678954, 15
678955, 10
678957, 7
678958, 9
678959, 9
678960, 10
678961, 9
678962, 10
678964, 7
678965, 9
678966, 9
678967, 20
678968, 11
678971, 10
678972, 22
678975, 1
678976, 6
678978, 9
678979, 10
678980, 8
678981, 9
678982, 22
678983, 5
678984, 11
678985, 12
678986, 12
678987, 21
678988, 6
678989, 8
678990, 8
678991, 9
678992, 11
678993, 10
678994, 12
678995, 10
678996, 10
678997, 11
678998, 9
678999, 7
679000, 6
679001, 14
679002, 21
679004, 28
679006, 9
679007, 4
679008, 11
679009, 9
679010, 2
679011, 12
679013, 19
679015, 13
679016, 8
679017, 10
679018, 3
679019, 6
679020, 15
679021, 9
679022, 1
679023, 16
679025, 15
679026, 7
679027, 10
679029, 18
679030, 1
679031, 13
679032, 3
679033, 19
679034, 22
679035, 9
679036, 16
679037, 5
679039, 15
679040, 22
679041, 13
679043, 13
679045, 13
679047, 12
679048, 14
679049, 12
679051, 15
679052, 9
679053, 10
679054, 3
679055, 21
679056, 12
679057, 15
679058, 16
679059, 11
679061, 17
679062, 12
679063, 12
679064, 20
679065, 14
679067, 19
679069, 13
679071, 14
679074, 15
679075, 14
679076, 13
679078, 11
679080, 11
679081, 13
679082, 11
679083, 10
679084, 15
679085, 18
679086, 12
679088, 11
679089, 24
679090, 12
679091, 10
679092, 10
679093, 13
679094, 10
679095, 9
679096, 11
679097, 10
679098, 10
679099, 9
679100, 9
679101, 2
679102, 1
679104, 10
679105, 12
679106, 11
679107, 1
679108, 8
679109, 11
679110, 15
679111, 13
679112, 12
679113, 15
679115, 13
679116, 13
679117, 1
679118, 24
679119, 9
679120, 11
679121, 13
679122, 10
679123, 24
679125, 1
679126, 12
679127, 14
679128, 13
679129, 11
679131, 10
679133, 21
679134, 8
679135, 13
679137, 4
679138, 6
679139, 10
679140, 11
679142, 13
679143, 8
679144, 8
679145, 13
679146, 11
679147, 9
679148, 14
679151, 13
679152, 12
679153, 10
679154, 8
679155, 34
679158, 9
679159, 8
679160, 12
679161, 16
679162, 13
679164, 8
679165, 15
679166, 7
679167, 23
679168, 9
679170, 8
679171, 8
679173, 18
679174, 7
679175, 14
679176, 3
679178, 8
679179, 7
679180, 16
679181, 4
679182, 10
679184, 20
679186, 14
679187, 10
679188, 1
679189, 18
679190, 2
679191, 6
679193, 16
679194, 17
679195, 3
679196, 17
679197, 18
679198, 11
679199, 20
679200, 9
679201, 8
679202, 18
679203, 11
679204, 10
679206, 2
679207, 8
679208, 10
679209, 13
679211, 11
679212, 18
679213, 17
679214, 13
679215, 1
679219, 8
679220, 16
679223, 13
679224, 14
679225, 7
679226, 17
679227, 42
679228, 8
679229, 8
679230, 13
679231, 13
679233, 3
679234, 13
679235, 8
679236, 3
679237, 13
679238, 9
679239, 10
679240, 7
679241, 9
679242, 5
679243, 34
679244, 9
679245, 8
679246, 30
679247, 12
679248, 9
679249, 9
679250, 11
679251, 3
679252, 8
679253, 1
679254, 11
679256, 5
679257, 11
679259, 16
679260, 15
679261, 12
679262, 28
679265, 1
679266, 15
679268, 10
679269, 8
679270, 18
679271, 10
679272, 10
679273, 19
679274, 9
679275, 11
679276, 25
679277, 13
679278, 5
679279, 13
679280, 9
679281, 9
679282, 6
679285, 11
679287, 2
679288, 10
679289, 10
679290, 11
679292, 13
679293, 16
679294, 3
679295, 16
679296, 13
679297, 16
679298, 46
679300, 15
679301, 12
679302, 12
679303, 10
679304, 10
679305, 10
679306, 16
679307, 12
679308, 10
679310, 18
679311, 4
679312, 3
679314, 18
679316, 11
679317, 24
679318, 11
679319, 17
679320, 17
679321, 18
679322, 19
679323, 6
679325, 6
679326, 8
679328, 10
679329, 7
679330, 1
679331, 7
679332, 20
679333, 3
679334, 7
679335, 9
679336, 6
679338, 1
679339, 8
679340, 5
679342, 22
679343, 9
679344, 19
679345, 7
679346, 1
679347, 23
679348, 4
679349, 19
679350, 16
679351, 11
679352, 19
679353, 3
679354, 18
679355, 8
679356, 8
679357, 17
679358, 11
679359, 11
679360, 9
679362, 10
679363, 9
679365, 12
679366, 23
679368, 6
679369, 13
679370, 11
679372, 12
679373, 2
679374, 17
679377, 23
679378, 7
679379, 20
679381, 14
679382, 12
679383, 17
679385, 4
679386, 10
679388, 11
679389, 11
679390, 13
679392, 9
679394, 9
679395, 14
679396, 9
679397, 6
679398, 16
679399, 7
679400, 13
679401, 11
679402, 12
679403, 14
679404, 12
679406, 10
679407, 6
679408, 17
679409, 13
679410, 15
679411, 12
679412, 11
679414, 9
679415, 17
679416, 6
679417, 14
679419, 14
679420, 10
679421, 4
679422, 9
679423, 27
679424, 9
679427, 23
679428, 11
679429, 14
679431, 9
679432, 11
679433, 11
679435, 11
679436, 16
679437, 8
679440, 24
679441, 15
679442, 13
679444, 13
679445, 14
679446, 3
679447, 15
679448, 13
679449, 9
679450, 14
679451, 12
679452, 9
679453, 15
679454, 17
679456, 5
679459, 15
679460, 16
679461, 14
679462, 15
679464, 12
679465, 11
679466, 4
679467, 15
679468, 11
679470, 13
679471, 6
679472, 15
679473, 8
679474, 17
679475, 12
679476, 10
679478, 3
679479, 9
679480, 14
679482, 10
679483, 5
679484, 29
679485, 3
679486, 11
679487, 10
679488, 14
679489, 10
679490, 19
679493, 8
679494, 21
679497, 10
679498, 32
679499, 8
679503, 12
679504, 11
679505, 14
679506, 9
679508, 9
679509, 9
679510, 21
679511, 19
679512, 25
679513, 12
679514, 12
679515, 10
679517, 19
679518, 24
679519, 4
679521, 20
679522, 5
679523, 14
679524, 12
679525, 6
679527, 12
679528, 10
679529, 1
679530, 12
679531, 16
679532, 14
679533, 13
679535, 15
679536, 14
679538, 11
679539, 13
679540, 12
679542, 11
679543, 10
679544, 3
679545, 13
679546, 15
679547, 5
679548, 12
679550, 2
679551, 10
679552, 12
679553, 12
679554, 5
679555, 12
679556, 17
679558, 8
679559, 18
679560, 14
679562, 14
679563, 4
679564, 15
679565, 16
679569, 6
679571, 16
679573, 16
679577, 2
679579, 14
679580, 14
679588, 10
679589, 15
679593, 12
679598, 9
679600, 12
679602, 5
679603, 12
679604, 16
679606, 10
679608, 10
679609, 5
679611, 8
679612, 13
679613, 20
679614, 15
679615, 10
679616, 12
679617, 2
679618, 10
679619, 10
679620, 10
679621, 14
679623, 11
679624, 18
679626, 15
679627, 18
679628, 2
679631, 11
679633, 6
679634, 19
679635, 21
679636, 11
679637, 10
679639, 12
679640, 8
679641, 25
679642, 12
679643, 20
679644, 9
679645, 14
679646, 11
679647, 18
679648, 10
679649, 5
679653, 17
679654, 3
679655, 37
679657, 4
679658, 12
679659, 10
679660, 4
679661, 10
679663, 10
679665, 23
679666, 13
679667, 10
679668, 10
679669, 14
679671, 16
679673, 31
679674, 16
679675, 11
679676, 32
679677, 10
679678, 1
679679, 4
679681, 15
679684, 9
679685, 5
679686, 13
679687, 7
679689, 29
679690, 10
679691, 20
679692, 7
679693, 14
679694, 1
679695, 12
679696, 30
679697, 18
679698, 8
679700, 20
679701, 1
679702, 20
679703, 5
679704, 1
679705, 4
679706, 11
679707, 6
679709, 9
679710, 14
679711, 11
679712, 18
679714, 18
679716, 18
679718, 22
679719, 19
679721, 22
679722, 7
679723, 18
679724, 7
679725, 17
679726, 10
679727, 2
679728, 13
679729, 16
679730, 1
679732, 12
679733, 7
679734, 17
679735, 17
679736, 10
679737, 8
679738, 14
679739, 12
679740, 16
679741, 1
679743, 5
679744, 11
679745, 9
679746, 12
679749, 16
679750, 10
679751, 8
679752, 11
679753, 10
679755, 17
679757, 6
679758, 25
679760, 8
679761, 23
679762, 12
679763, 2
679764, 11
679765, 7
679766, 14
679767, 26
679768, 13
679770, 10
679771, 13
679772, 17
679774, 10
679775, 11
679776, 14
679777, 14
679779, 14
679780, 12
679781, 3
679783, 12
679784, 12
679785, 1
679788, 12
679790, 6
679791, 13
679792, 14
679793, 27
679794, 16
679797, 12
679798, 16
679799, 12
679800, 10
679801, 24
679805, 18
679806, 14
679807, 3
679808, 14
679811, 10
679812, 17
679813, 15
679814, 12
679815, 22
679816, 17
679817, 13
679818, 4
679819, 12
679820, 11
679821, 10
679822, 10
679823, 13
679824, 16
679825, 18
679826, 11
679827, 17
679829, 10
679830, 18
679832, 10
679833, 10
679834, 4
679835, 10
679836, 10
679837, 5
679838, 18
679839, 19
679840, 19
679845, 15
679846, 9
679847, 14
679848, 15
679849, 12
679850, 9
679851, 5
679853, 12
679854, 12
679855, 13
679856, 8
679857, 7
679858, 10
679859, 8
679861, 9
679862, 12
679863, 7
679864, 13
679865, 12
679866, 11
679867, 5
679868, 14
679870, 9
679871, 4
679872, 20
679873, 13
679876, 10
679877, 18
679878, 13
679879, 11
679880, 20
679881, 12
679882, 12
679883, 7
679884, 14
679885, 15
679886, 3
679887, 14
679888, 14
679889, 3
679890, 11
679892, 4
679893, 11
679894, 5
679895, 13
679896, 1
679897, 9
679898, 17
679899, 5
679900, 11
679901, 13
679902, 11
679904, 14
679905, 17
679906, 7
679907, 12
679908, 1
679909, 13
679910, 10
679911, 10
679912, 7
679913, 13
679914, 12
679915, 13
679916, 15
679917, 10
679918, 15
679919, 12
679922, 16
679923, 13
679924, 10
679925, 13
679926, 7
679931, 13
679932, 5
679933, 16
679934, 10
679935, 6
679937, 4
679938, 12
679939, 17
679940, 12
679941, 14
679943, 16
679944, 24
679945, 9
679946, 5
679948, 14
679949, 15
679950, 14
679953, 9
679954, 12
679955, 11
679959, 15
679960, 9
679961, 12
679962, 15
679963, 6
679964, 16
679965, 12
679966, 11
679967, 11
679968, 12
679970, 14
679971, 12
679972, 9
679973, 11
679974, 9
679975, 4
679977, 17
679978, 10
679979, 15
679980, 12
679981, 16
679982, 3
679983, 12
679984, 9
679985, 4
679986, 16
679987, 11
679988, 8
679989, 8
679990, 11
679991, 9
679992, 12
679995, 13
679996, 11
679997, 10
679998, 9
679999, 10
680000, 5
680001, 2
680004, 11
680005, 24
680006, 22
680007, 10
680008, 12
680009, 9
680010, 9
680011, 12
680012, 22
680013, 6
680014, 14
680016, 13
680017, 11
680018, 8
680020, 16
680021, 16
680022, 13
680025, 5
680026, 14
680027, 22
680028, 16
680030, 15
680032, 11
680033, 1
680035, 16
680036, 20
680037, 14
680038, 22
680040, 16
680041, 9
680042, 15
680043, 22
680044, 18
680045, 6
680047, 15
680049, 18
680050, 24
680051, 14
680052, 11
680053, 4
680055, 5
680056, 9
680057, 33
680058, 7
680059, 10
680060, 14
680061, 8
680063, 9
680064, 15
680065, 14
680067, 15
680068, 12
680069, 9
680070, 14
680071, 10
680072, 14
680073, 20
680074, 3
680075, 3
680076, 14
680077, 8
680079, 10
680081, 25
680082, 9
680083, 20
680084, 8
680086, 8
680087, 11
680088, 34
680089, 11
680091, 1
680092, 10
680093, 11
680094, 22
680095, 14
680096, 22
680097, 6
680098, 8
680101, 26
680102, 8
680104, 8
680107, 16
680110, 10
680111, 11
680112, 2
680113, 10
680114, 8
680115, 10
680117, 11
680118, 10
680119, 9
680120, 10
680121, 9
680122, 11
680123, 14
680124, 27
680125, 4
680126, 9
680127, 7
680128, 27
680129, 9
680130, 19
680131, 13
680134, 10
680136, 22
680137, 10
680138, 10
680139, 8
680140, 8
680141, 10
680143, 14
680145, 9
680146, 10
680147, 18
680148, 8
680149, 27
680150, 22
680151, 9
680152, 14
680153, 13
680154, 7
680155, 9
680158, 12
680159, 8
680161, 15
680162, 16
680163, 9
680165, 11
680167, 21
680168, 27
680169, 8
680170, 9
680171, 8
680172, 8
680173, 4
680174, 9
680176, 7
680177, 21
680178, 3
680179, 13
680180, 5
680181, 3
680183, 12
680185, 16
680186, 17
680188, 13
680189, 13
680190, 14
680192, 15
680193, 12
680194, 13
680195, 16
680196, 9
680197, 13
680198, 10
680199, 11
680201, 10
680203, 8
680204, 13
680205, 11
680206, 20
680209, 11
680210, 13
680211, 2
680212, 8
680213, 18
680214, 11
680215, 21
680216, 11
680217, 2
680219, 19
680220, 11
680222, 13
680223, 16
680224, 1
680226, 6
680229, 13
680230, 13
680231, 1
680233, 14
680237, 13
680238, 15
680240, 12
680241, 2
680242, 15
680243, 19
680245, 12
680247, 11
680249, 14
680253, 10
680254, 22
680256, 11
680259, 14
680261, 3
680264, 13
680265, 8
680266, 15
680268, 13
680269, 12
680270, 13
680271, 7
680272, 11
680273, 15
680274, 26
680275, 10
680278, 6
680279, 9
680280, 9
680281, 29
680282, 8
680283, 10
680284, 9
680286, 14
680287, 9
680288, 8
680289, 10
680290, 8
680291, 6
680292, 7
680293, 8
680294, 18
680295, 18
680296, 1
680297, 8
680298, 8
680300, 21
680301, 8
680303, 7
680306, 8
680309, 8
680310, 8
680311, 10
680312, 9
680313, 9
680314, 7
680316, 2
680317, 9
680318, 9
680319, 8
680320, 10
680321, 7
680322, 23
680323, 9
680324, 8
680325, 22
680326, 8
680327, 3
680328, 9
680330, 2
680331, 24
680332, 8
680333, 37
680334, 6
680335, 8
680336, 10
680337, 2
680338, 9
680341, 9
680342, 6
680343, 9
680344, 10
680345, 20
680346, 7
680347, 8
680348, 8
680349, 8
680350, 10
680351, 30
680352, 9
680353, 8
680354, 9
680355, 8
680356, 35
680357, 12
680358, 8
680359, 8
680361, 10
680362, 9
680364, 19
680366, 17
680367, 10
680368, 5
680369, 8
680370, 7
680371, 21
680372, 9
680373, 1
680374, 14
680375, 10
680378, 38
680379, 17
680380, 5
680381, 3
680382, 9
680383, 16
680384, 9
680385, 10
680386, 23
680387, 12
680388, 10
680390, 14
680391, 16
680394, 1
680395, 17
680396, 14
680397, 9
680398, 7
680399, 8
680400, 1
680401, 9
680402, 1
680403, 9
680405, 8
680407, 9
680408, 17
680409, 9
680410, 3
680412, 9
680414, 21
680416, 13
680418, 14
680419, 19
680420, 19
680421, 34
680422, 11
680423, 10
680424, 9
680426, 10
680427, 5
680429, 8
680430, 33
680431, 7
680432, 10
680433, 3
680434, 15
680435, 15
680436, 10
680439, 18
680440, 10
680441, 22
680442, 2
680443, 11
680444, 4
680446, 13
680447, 8
680448, 8
680449, 11
680451, 18
680452, 22
680453, 9
680456, 8
680458, 22
680459, 10
680460, 16
680461, 8
680462, 10
680463, 7
680464, 10
680465, 16
680467, 8
680468, 19
680469, 9
680473, 12
680474, 10
680475, 8
680476, 16
680477, 8
680478, 11
680482, 26
680484, 11
680485, 1
680486, 9
680487, 8
680488, 11
680489, 11
680490, 24
680491, 26
680492, 17
680493, 9
680494, 19
680495, 9
680496, 5
680497, 23
680498, 7
680499, 9
680501, 9
680502, 10
680504, 24
680505, 7
680506, 8
680508, 8
680509, 8
680510, 10
680511, 22
680514, 7
680515, 8
680516, 2
680517, 8
680519, 10
680520, 8
680521, 10
680522, 5
680523, 7
680524, 4
680525, 19
680526, 4
680527, 9
680528, 6
680529, 7
680530, 10
680532, 32
680533, 9
680534, 9
680536, 11
680537, 12
680539, 1
680540, 23
680541, 8
680542, 11
680543, 9
680544, 2
680545, 9
680546, 26
680547, 18
680548, 7
680550, 8
680551, 12
680553, 4
680554, 11
680555, 19
680556, 11
680557, 12
680560, 24
680561, 11
680562, 18
680563, 18
680564, 28
680566, 10
680567, 15
680568, 11
680570, 10
680571, 9
680572, 4
680575, 12
680577, 6
680579, 11
680580, 8
680581, 8
680582, 15
680583, 1
680584, 9
680585, 7
680586, 10
680588, 11
680589, 11
680590, 9
680591, 16
680592, 1
680593, 15
680595, 13
680596, 22
680597, 10
680598, 10
680599, 19
680600, 12
680601, 10
680602, 12
680603, 9
680604, 11
680605, 15
680606, 1
680607, 13
680608, 15
680609, 12
680610, 18
680611, 16
680613, 8
680617, 12
680618, 8
680619, 14
680621, 3
680622, 26
680623, 7
680625, 15
680626, 17
680628, 13
680629, 15
680630, 8
680631, 13
680632, 16
680634, 17
680635, 13
680636, 11
680638, 2
680639, 10
680640, 12
680642, 15
680644, 13
680645, 14
680646, 12
680647, 6
680648, 13
680649, 12
680651, 15
680652, 11
680653, 14
680655, 16
680656, 13
680658, 14
680660, 6
680661, 3
680662, 15
680663, 13
680664, 4
680665, 12
680667, 9
680668, 6
680671, 13
680672, 2
680673, 15
680674, 11
680675, 10
680676, 8
680677, 12
680678, 17
680679, 10
680680, 15
680681, 10
680683, 21
680684, 9
680685, 5
680687, 14
680688, 16
680689, 16
680690, 10
680691, 13
680692, 5
680693, 10
680694, 10
680695, 13
680698, 12
680700, 19
680701, 18
680702, 20
680703, 16
680704, 9
680705, 11
680707, 10
680710, 10
680711, 8
680713, 16
680714, 20
680715, 8
680717, 5
680718, 8
680719, 9
680722, 16
680724, 13
680725, 13
680726, 17
680727, 11
680728, 15
680729, 16
680731, 13
680732, 13
680733, 10
680742, 3
680746, 9
680747, 12
680752, 2
680754, 9
680756, 12
680757, 7
680758, 11
680759, 26
680760, 27
680761, 6
680764, 9
680766, 11
680768, 4
680769, 13
680770, 22
680772, 22
680775, 9
680777, 18
680779, 16
680781, 11
680782, 12
680783, 11
680784, 11
680786, 12
680787, 9
680788, 17
680789, 13
680790, 10
680791, 13
680792, 13
680793, 11
680794, 10
680795, 11
680796, 11
680797, 2
680798, 6
680799, 14
680800, 4
680801, 6
680802, 12
680803, 10
680804, 13
680805, 13
680806, 13
680807, 1
680808, 12
680810, 12
680811, 2
680813, 12
680814, 11
680815, 4
680817, 15
680820, 7
680821, 14
680822, 16
680823, 15
680824, 15
680825, 13
680827, 17
680828, 9
680829, 11
680830, 11
680832, 11
680833, 11
680835, 14
680836, 19
680837, 4
680838, 11
680839, 10
680842, 11
680844, 6
680846, 12
680847, 12
680848, 16
680849, 16
680851, 23
680852, 12
680853, 16
680854, 1
680855, 12
680857, 19
680858, 17
680859, 11
680860, 8
680861, 16
680862, 16
680863, 11
680864, 18
680867, 13
680868, 11
680869, 15
680871, 14
680872, 11
680873, 11
680875, 12
680877, 12
680878, 12
680879, 4
680880, 3
680881, 22
680882, 10
680883, 11
680884, 12
680885, 5
680886, 27
680888, 12
680889, 10
680890, 4
680891, 15
680892, 9
680894, 17
680895, 10
680896, 17
680899, 13
680900, 11
680901, 23
680902, 2
680903, 16
680904, 10
680906, 17
680907, 1
680908, 19
680909, 13
680910, 3
680911, 15
680912, 18
680913, 13
680914, 15
680915, 17
680916, 18
680917, 17
680918, 9
680921, 13
680922, 8
680923, 8
680926, 11
680927, 14
680928, 9
680929, 5
680930, 15
680931, 16
680932, 18
680933, 28
680934, 7
680935, 12
680936, 9
680937, 4
680938, 14
680939, 23
680940, 16
680942, 17
680943, 9
680944, 9
680945, 3
680946, 11
680947, 13
680948, 12
680950, 13
680951, 24
680954, 10
680955, 11
680956, 11
680958, 12
680960, 13
680961, 3
680962, 13
680963, 18
680964, 7
680966, 12
680967, 15
680968, 10
680969, 18
680970, 7
680971, 3
680973, 14
680975, 3
680976, 39
680977, 13
680979, 2
680980, 15
680982, 18
680984, 12
680987, 13
680988, 20
680989, 47
680990, 36
680992, 17
680993, 15
680994, 15
680995, 13
680996, 32
680997, 17
680999, 3
681003, 20
681004, 10
681005, 27
681008, 9
681009, 12
681010, 9
681011, 15
681012, 10
681013, 5
681014, 8
681015, 12
681016, 9
681017, 20
681018, 10
681019, 18
681020, 18
681021, 9
681024, 9
681033, 9
681034, 5
681038, 8
681039, 14
681040, 16
681045, 11
681046, 11
681047, 11
681048, 28
681049, 12
681051, 18
681053, 13
681054, 16
681055, 16
681056, 12
681057, 8
681058, 9
681059, 8
681060, 8
681061, 7
681062, 18
681063, 9
681064, 3
681065, 18
681066, 8
681073, 14
681075, 28
681077, 15
681078, 16
681079, 13
681088, 87
681089, 54
681090, 45
681091, 18
681094, 20
681098, 18
681108, 1
681114, 17
681120, 17
681121, 31
681123, 40
681124, 19
681125, 11
681130, 22
681132, 26
681133, 4
681134, 19
681135, 1
681136, 10
681139, 15
681140, 30
681141, 14
681143, 12
681144, 12
681145, 10
681146, 5
681147, 14
681148, 17
681150, 13
681152, 9
681153, 12
681155, 21
681156, 19
681158, 17
681161, 9
681162, 8
681164, 17
681165, 2
681167, 12
681171, 10
681172, 11
681173, 6
681175, 11
681176, 9
681179, 10
681180, 10
681181, 18
681182, 10
681183, 10
681184, 12
681185, 11
681186, 12
681187, 7
681189, 18
681191, 15
681192, 7
681193, 18
681194, 8
681195, 11
681198, 13
681199, 1
681201, 7
681202, 17
681203, 7
681205, 7
681208, 12
681209, 16
681211, 5
681212, 9
681213, 10
681215, 9
681216, 11
681217, 10
681218, 13
681219, 8
681221, 4
681222, 9
681223, 14
681224, 17
681225, 17
681226, 18
681227, 8
681228, 13
681229, 6
681230, 7
681231, 18
681233, 23
681234, 17
681238, 18
681239, 8
681240, 9
681241, 9
681243, 10
681246, 13
681250, 9
681251, 13
681254, 12
681255, 9
681257, 15
681258, 16
681260, 3
681261, 15
681262, 18
681263, 16
681266, 6
681267, 17
681269, 23
681271, 9
681272, 10
681276, 16
681277, 3
681278, 11
681280, 40
681281, 25
681283, 3
681284, 11
681285, 15
681286, 18
681290, 24
681292, 2
681293, 12
681297, 12
681298, 5
681301, 5
681302, 14
681303, 13
681306, 11
681307, 31
681308, 10
681311, 12
681312, 3
681313, 6
681314, 10
681316, 9
681317, 14
681320, 13
681321, 11
681322, 11
681323, 12
681324, 9
681325, 9
681329, 10
681332, 22
681334, 11
681335, 12
681336, 9
681337, 12
681338, 12
681340, 26
681341, 11
681342, 5
681343, 3
681344, 15
681345, 7
681346, 14
681347, 15
681348, 5
681350, 13
681352, 13
681354, 9
681356, 12
681357, 14
681358, 7
681359, 11
681360, 10
681361, 18
681362, 17
681363, 14
681364, 3
681366, 19
681367, 16
681368, 12
681369, 1
681370, 13
681371, 5
681372, 12
681373, 8
681375, 8
681376, 12
681377, 11
681379, 10
681382, 6
681383, 12
681384, 9
681385, 4
681386, 15
681387, 15
681389, 28
681395, 14
681401, 13
681405, 23
681407, 4
681409, 11
681411, 15
681412, 19
681413, 13
681414, 12
681415, 11
681416, 8
681417, 10
681418, 10
681419, 12
681420, 10
681421, 10
681422, 21
681423, 12
681424, 10
681425, 6
681427, 13
681428, 18
681431, 13
681434, 7
681435, 8
681436, 8
681437, 7
681438, 11
681440, 16
681442, 3
681443, 12
681444, 10
681447, 10
681448, 8
681449, 20
681450, 12
681452, 20
681453, 9
681454, 10
681456, 8
681457, 17
681458, 9
681460, 8
681461, 13
681466, 13
681467, 3
681468, 13
681470, 6
681471, 21
681472, 2
681475, 9
681476, 11
681477, 9
681478, 16
681479, 2
681481, 22
681482, 24
681484, 5
681485, 32
681486, 15
681487, 12
681488, 15
681489, 10
681492, 9
681495, 11
681496, 16
681497, 8
681499, 12
681504, 18
681508, 17
681509, 13
681511, 16
681512, 7
681515, 14
681517, 14
681519, 10
681521, 13
681522, 1
681523, 13
681524, 13
681525, 16
681526, 15
681527, 17
681528, 1
681530, 15
681531, 18
681532, 1
681534, 14
681536, 10
681537, 17
681540, 8
681543, 17
681546, 8
681547, 16
681548, 11
681549, 16
681550, 14
681551, 22
681552, 5
681553, 14
681555, 22
681558, 1
681559, 14
681560, 16
681563, 16
681564, 13
681567, 15
681568, 8
681569, 2
681570, 13
681571, 13
681572, 8
681574, 21
681575, 12
681577, 10
681579, 18
681580, 8
681581, 17
681582, 18
681583, 15
681584, 13
681585, 12
681587, 5
681588, 16
681589, 9
681590, 15
681592, 15
681593, 1
681595, 7
681596, 27
681597, 10
681598, 10
681599, 9
681600, 15
681603, 3
681604, 10
681605, 18
681606, 16
681607, 14
681609, 18
681610, 15
681611, 14
681612, 15
681613, 13
681616, 13
681617, 2
681618, 17
681620, 22
681622, 22
681625, 23
681626, 3
681628, 16
681632, 16
681634, 5
681636, 14
681637, 1
681640, 9
681643, 22
681644, 7
681645, 16
681646, 35
681647, 5
681648, 6
681651, 30
681652, 9
681653, 18
681654, 8
681655, 8
681656, 14
681657, 14
681658, 6
681659, 5
681660, 1
681661, 11
681664, 3
681665, 7
681666, 7
681667, 9
681670, 28
681671, 18
681672, 8
681674, 4
681676, 16
681677, 9
681678, 1
681679, 14
681680, 18
681681, 19
681682, 19
681683, 8
681685, 7
681686, 8
681688, 17
681689, 17
681690, 6
681691, 1
681693, 17
681696, 16
681697, 19
681698, 14
681699, 15
681701, 12
681703, 16
681704, 20
681705, 1
681706, 18
681707, 2
681708, 16
681711, 16
681712, 14
681713, 10
681715, 17
681716, 10
681717, 10
681718, 18
681719, 9
681721, 14
681722, 4
681723, 15
681724, 19
681725, 17
681726, 6
681728, 12
681730, 19
681731, 5
681732, 10
681733, 19
681734, 9
681735, 24
681737, 17
681738, 13
681739, 19
681741, 7
681742, 17
681743, 6
681744, 15
681745, 2
681746, 8
681747, 10
681748, 11
681749, 12
681750, 19
681751, 9
681753, 9
681755, 10
681756, 12
681761, 11
681762, 9
681763, 14
681764, 14
681765, 12
681766, 12
681767, 3
681768, 25
681769, 14
681770, 24
681774, 2
681775, 14
681777, 7
681778, 4
681780, 11
681782, 5
681785, 11
681787, 2
681788, 19
681790, 18
681791, 19
681794, 11
681795, 10
681796, 20
681798, 11
681799, 9
681800, 3
681801, 14
681802, 12
681803, 12
681804, 12
681805, 10
681806, 7
681807, 12
681808, 6
681810, 13
681811, 13
681813, 18
681814, 10
681815, 19
681817, 13
681818, 13
681819, 21
681820, 16
681824, 14
681826, 16
681827, 16
681828, 8
681830, 13
681831, 11
681833, 12
681834, 20
681835, 10
681836, 11
681837, 13
681839, 3
681841, 15
681842, 3
681843, 15
681844, 18
681845, 9
681847, 2
681851, 12
681852, 15
681853, 13
681854, 15
681859, 50
681860, 23
681861, 11
681862, 14
681863, 18
681864, 17
681865, 7
681866, 11
681867, 12
681868, 15
681869, 12
681870, 5
681872, 15
681874, 14
681876, 21
681877, 14
681878, 25
681879, 10
681881, 24
681882, 24
681883, 8
681885, 3
681886, 14
681887, 11
681889, 15
681890, 12
681891, 12
681893, 13
681894, 12
681896, 13
681898, 15
681899, 8
681900, 18
681901, 12
681904, 7
681905, 7
681906, 14
681907, 15
681910, 16
681912, 19
681915, 30
681916, 16
681917, 19
681918, 19
681919, 17
681920, 5
681923, 18
681924, 18
681927, 9
681929, 12
681930, 1
681932, 32
681935, 19
681937, 33
681938, 6
681942, 4
681943, 29
681945, 2
681947, 3
681948, 32
681950, 9
681951, 11
681953, 9
681954, 11
681956, 11
681957, 10
681958, 9
681960, 10
681962, 11
681963, 12
681964, 10
681966, 9
681967, 11
681968, 7
681970, 9
681971, 10
681972, 10
681973, 10
681974, 11
681976, 10
681978, 16
681979, 10
681981, 13
681983, 21
681986, 14
681987, 15
681988, 15
681990, 5
681991, 6
681993, 7
681994, 10
681995, 19
681996, 19
681997, 20
681999, 13
682000, 3
682001, 2
682004, 12
682005, 24
682006, 9
682007, 21
682008, 23
682009, 2
682010, 13
682013, 13
682016, 16
682018, 15
682019, 13
682020, 16
682022, 11
682023, 13
682025, 22
682026, 19
682027, 15
682028, 13
682032, 11
682033, 15
682034, 15
682035, 3
682038, 24
682039, 19
682040, 23
682045, 1
682046, 3
682048, 12
682051, 13
682053, 24
682054, 15
682055, 14
682056, 8
682057, 13
682058, 14
682059, 13
682060, 9
682061, 9
682062, 10
682063, 10
682064, 25
682065, 10
682066, 1
682067, 10
682068, 9
682070, 8
682071, 11
682072, 12
682073, 8
682074, 11
682075, 6
682078, 8
682079, 17
682082, 1
682084, 16
682085, 27
682086, 19
682089, 17
682092, 18
682093, 12
682096, 11
682097, 11
682100, 12
682101, 10
682102, 5
682103, 8
682104, 14
682105, 8
682107, 16
682108, 25
682109, 13
682110, 18
682112, 12
682114, 3
682115, 9
682117, 7
682118, 3
682119, 17
682120, 17
682121, 2
682122, 8
682123, 8
682124, 8
682125, 8
682126, 9
682127, 7
682128, 15
682131, 7
682132, 7
682133, 6
682134, 8
682135, 9
682137, 8
682138, 4
682139, 9
682140, 7
682143, 16
682144, 8
682145, 5
682147, 19
682150, 27
682151, 20
682152, 18
682153, 15
682154, 1
682157, 24
682162, 13
682164, 13
682165, 10
682167, 20
682170, 34
682172, 6
682173, 24
682174, 13
682175, 10
682177, 11
682178, 15
682179, 9
682180, 12
682181, 12
682182, 15
682183, 9
682190, 14
682192, 15
682193, 15
682194, 9
682196, 13
682197, 13
682198, 11
682199, 15
682203, 9
682204, 10
682206, 11
682207, 10
682208, 13
682209, 14
682211, 15
682213, 10
682214, 13
682215, 2
682216, 11
682218, 17
682219, 5
682221, 17
682222, 13
682223, 19
682225, 34
682226, 19
682227, 6
682228, 21
682229, 10
682232, 11
682233, 12
682235, 12
682238, 5
682240, 3
682241, 18
682242, 12
682243, 18
682244, 9
682245, 10
682246, 14
682247, 14
682249, 13
682250, 8
682252, 9
682253, 13
682254, 14
682255, 11
682257, 13
682258, 13
682259, 14
682260, 13
682262, 3
682265, 15
682266, 13
682267, 10
682269, 11
682270, 11
682271, 11
682272, 13
682273, 13
682274, 1
682275, 15
682277, 13
682278, 1
682279, 14
682282, 14
682283, 23
682286, 12
682287, 15
682289, 11
682290, 14
682291, 11
682292, 10
682293, 22
682294, 11
682295, 12
682296, 10
682298, 13
682299, 24
682300, 3
682301, 16
682303, 9
682305, 23
682307, 16
682310, 11
682311, 16
682312, 14
682314, 11
682315, 14
682316, 10
682317, 13
682318, 3
682319, 10
682320, 20
682322, 24
682324, 11
682326, 11
682327, 8
682329, 11
682330, 9
682332, 7
682333, 11
682334, 15
682335, 9
682336, 9
682337, 13
682338, 9
682339, 2
682341, 11
682342, 17
682343, 15
682344, 13
682345, 12
682347, 11
682348, 10
682349, 19
682351, 13
682352, 14
682353, 9
682354, 15
682356, 10
682357, 16
682358, 2
682359, 19
682360, 13
682362, 4
682363, 8
682364, 16
682365, 16
682368, 12
682369, 13
682372, 17
682373, 19
682374, 8
682376, 15
682377, 5
682378, 4
682379, 11
682381, 12
682382, 16
682384, 23
682387, 8
682388, 10
682389, 12
682390, 10
682391, 9
682392, 14
682393, 8
682394, 10
682395, 13
682396, 10
682397, 7
682398, 9
682399, 9
682400, 29
682401, 13
682405, 15
682406, 4
682407, 7
682408, 15
682413, 6
682414, 14
682416, 21
682418, 16
682419, 20
682420, 9
682422, 11
682424, 26
682425, 9
682426, 1
682428, 12
682429, 10
682430, 7
682431, 11
682432, 17
682433, 8
682436, 13
682437, 16
682438, 3
682439, 16
682440, 18
682441, 17
682442, 18
682443, 11
682444, 13
682445, 1
682446, 27
682447, 14
682450, 5
682453, 18
682454, 14
682456, 2
682457, 25
682458, 3
682460, 13
682461, 8
682463, 8
682464, 16
682465, 19
682466, 8
682467, 5
682468, 15
682469, 11
682470, 8
682471, 14
682472, 13
682473, 15
682474, 8
682475, 7
682476, 5
682477, 8
682478, 8
682479, 14
682481, 7
682482, 12
682483, 8
682485, 16
682488, 6
682489, 6
682490, 13
682491, 12
682492, 23
682493, 6
682494, 8
682495, 13
682496, 10
682499, 11
682500, 12
682501, 11
682502, 34
682504, 6
682507, 25
682508, 12
682510, 8
682511, 11
682512, 22
682513, 9
682514, 6
682516, 16
682517, 9
682521, 9
682522, 7
682523, 3
682524, 8
682525, 8
682526, 19
682527, 1
682528, 17
682530, 7
682531, 9
682532, 15
682534, 17
682535, 17
682537, 16
682540, 14
682541, 31
682542, 13
682543, 16
682546, 5
682548, 5
682549, 8
682550, 18
682551, 10
682552, 4
682553, 7
682554, 16
682555, 18
682556, 11
682557, 18
682558, 17
682559, 6
682560, 16
682562, 23
682563, 10
682564, 10
682566, 9
682567, 10
682568, 13
682569, 8
682570, 2
682571, 13
682575, 5
682577, 1
682579, 12
682580, 11
682581, 17
682582, 7
682583, 16
682584, 7
682586, 1
682587, 16
682588, 14
682589, 19
682590, 18
682591, 3
682592, 18
682593, 20
682595, 9
682596, 16
682597, 11
682599, 7
682601, 5
682604, 19
682606, 13
682607, 13
682611, 8
682612, 8
682613, 16
682615, 8
682616, 15
682617, 6
682618, 10
682619, 11
682620, 17
682621, 2
682622, 11
682623, 13
682624, 10
682625, 12
682626, 4
682627, 15
682628, 7
682629, 19
682630, 2
682633, 13
682634, 15
682635, 10
682636, 11
682638, 16
682639, 16
682640, 17
682641, 12
682642, 19
682643, 22
682644, 12
682646, 9
682647, 7
682648, 18
682649, 3
682650, 14
682651, 13
682654, 19
682655, 19
682657, 11
682658, 16
682659, 7
682660, 1
682661, 5
682662, 12
682664, 6
682665, 10
682666, 9
682668, 19
682669, 10
682672, 10
682674, 8
682675, 5
682677, 35
682679, 11
682681, 26
682682, 10
682683, 25
682685, 13
682688, 25
682689, 9
682690, 11
682691, 9
682692, 9
682693, 9
682694, 13
682695, 9
682696, 11
682697, 11
682698, 9
682699, 16
682700, 13
682701, 9
682702, 8
682703, 8
682704, 8
682708, 6
682709, 12
682710, 9
682713, 16
682714, 14
682716, 18
682717, 13
682718, 9
682719, 12
682723, 1
682724, 14
682725, 2
682726, 10
682727, 9
682728, 12
682729, 12
682734, 4
682736, 3
682737, 8
682738, 10
682739, 14
682741, 19
682742, 28
682744, 7
682745, 5
682746, 19
682747, 26
682748, 18
682749, 24
682751, 13
682752, 11
682753, 7
682754, 24
682755, 19
682757, 25
682758, 20
682759, 5
682760, 10
682765, 14
682766, 11
682767, 23
682769, 18
682770, 21
682771, 10
682772, 3
682773, 11
682774, 10
682776, 11
682777, 19
682778, 14
682780, 13
682781, 11
682782, 9
682783, 49
682786, 8
682787, 7
682788, 8
682791, 9
682792, 7
682793, 8
682794, 16
682795, 9
682796, 19
682797, 8
682798, 19
682799, 8
682801, 7
682802, 7
682803, 4
682804, 24
682805, 8
682808, 7
682809, 21
682810, 9
682811, 1
682812, 14
682813, 13
682814, 8
682816, 8
682818, 9
682819, 20
682820, 6
682821, 13
682823, 11
682824, 12
682825, 7
682826, 9
682827, 9
682829, 2
682830, 5
682831, 24
682833, 28
682835, 8
682837, 12
682838, 9
682839, 22
682841, 10
682842, 26
682844, 12
682846, 9
682847, 2
682848, 11
682849, 14
682850, 11
682851, 10
682852, 7
682853, 8
682854, 24
682855, 12
682856, 2
682857, 14
682858, 11
682859, 14
682860, 12
682863, 14
682864, 3
682865, 7
682866, 10
682867, 12
682869, 34
682871, 10
682873, 14
682874, 15
682876, 11
682878, 15
682879, 14
682880, 2
682881, 16
682882, 13
682883, 11
682884, 11
682885, 13
682886, 3
682888, 14
682889, 13
682890, 18
682891, 14
682892, 11
682893, 9
682894, 10
682898, 6
682899, 27
682900, 21
682901, 12
682902, 19
682903, 2
682904, 14
682906, 12
682907, 7
682908, 15
682909, 4
682911, 24
682912, 8
682914, 12
682915, 14
682916, 11
682917, 14
682918, 12
682919, 9
682921, 9
682922, 14
682923, 8
682924, 15
682926, 8
682927, 22
682931, 13
682932, 3
682934, 17
682935, 3
682936, 13
682937, 17
682939, 13
682940, 15
682941, 12
682942, 12
682944, 3
682945, 28
682946, 3
682947, 7
682949, 10
682950, 13
682951, 14
682953, 4
682954, 15
682955, 8
682956, 14
682957, 15
682958, 11
682959, 16
682960, 14
682961, 16
682962, 24
682963, 8
682964, 10
682966, 9
682968, 11
682969, 6
682970, 21
682974, 9
682975, 25
682978, 11
682979, 9
682981, 8
682984, 9
682985, 9
682986, 14
682988, 16
682990, 9
682992, 15
682994, 17
682997, 15
682998, 15
683001, 12
683003, 12
683004, 7
683005, 14
683009, 7
683012, 15
683016, 3
683017, 8
683020, 8
683021, 4
683023, 2
683024, 18
683025, 9
683027, 29
683028, 8
683029, 7
683030, 8
683031, 18
683032, 10
683033, 8
683035, 7
683037, 15
683038, 1
683039, 5
683042, 9
683043, 31
683045, 5
683047, 3
683048, 7
683049, 14
683050, 12
683051, 18
683055, 12
683058, 14
683059, 8
683060, 15
683062, 13
683063, 17
683064, 15
683065, 15
683067, 13
683068, 10
683069, 25
683070, 17
683071, 11
683072, 8
683074, 3
683075, 6
683076, 21
683077, 16
683079, 13
683080, 11
683081, 18
683082, 12
683083, 10
683084, 17
683086, 22
683087, 13
683088, 11
683089, 22
683092, 11
683093, 15
683094, 13
683096, 22
683097, 23
683098, 14
683099, 12
683100, 7
683101, 7
683105, 1
683106, 25
683107, 22
683113, 4
683115, 27
683117, 36
683118, 11
683119, 31
683120, 3
683121, 13
683122, 24
683123, 17
683124, 12
683126, 19
683127, 1
683130, 29
683131, 16
683132, 9
683133, 11
683134, 13
683135, 11
683137, 11
683138, 2
683139, 19
683140, 13
683141, 11
683142, 21
683143, 50
683144, 3
683145, 25
683146, 13
683147, 17
683148, 8
683149, 9
683150, 17
683152, 7
683153, 13
683154, 13
683155, 12
683156, 16
683158, 12
683159, 13
683160, 13
683161, 11
683162, 13
683163, 14
683164, 5
683165, 20
683166, 13
683167, 9
683168, 11
683170, 11
683172, 14
683173, 21
683174, 18
683176, 19
683179, 16
683182, 23
683183, 15
683185, 17
683187, 20
683188, 23
683189, 3
683190, 19
683191, 13
683192, 23
683194, 13
683195, 20
683196, 15
683197, 20
683200, 3
683201, 20
683202, 1
683204, 18
683206, 19
683208, 15
683210, 30
683211, 14
683213, 16
683214, 19
683215, 1
683218, 15
683221, 5
683222, 17
683223, 18
683225, 16
683228, 18
683229, 22
683231, 19
683232, 19
683234, 3
683235, 16
683236, 25
683237, 11
683239, 12
683241, 26
683242, 35
683243, 17
683244, 8
683245, 30
683246, 15
683247, 11
683248, 13
683249, 15
683250, 14
683251, 11
683252, 10
683254, 11
683255, 12
683257, 10
683258, 14
683259, 14
683260, 13
683261, 4
683264, 41
683265, 24
683266, 5
683267, 6
683270, 25
683271, 15
683273, 16
683274, 25
683275, 7
683280, 24
683282, 19
683283, 21
683285, 3
683286, 18
683287, 13
683289, 21
683290, 21
683291, 14
683293, 1
683294, 16
683295, 13
683296, 15
683297, 20
683298, 19
683300, 6
683301, 29
683302, 13
683304, 16
683305, 13
683307, 16
683310, 15
683312, 8
683313, 18
683315, 10
683316, 19
683317, 23
683318, 24
683319, 15
683322, 17
683325, 8
683326, 13
683327, 14
683330, 13
683331, 4
683332, 10
683333, 15
683335, 8
683336, 10
683337, 14
683341, 7
683342, 18
683344, 13
683345, 12
683346, 11
683347, 10
683349, 15
683350, 13
683351, 19
683353, 12
683354, 15
683355, 14
683356, 17
683357, 13
683358, 14
683359, 12
683360, 14
683361, 5
683362, 13
683365, 10
683366, 14
683369, 25
683370, 2
683371, 31
683373, 11
683374, 13
683375, 15
683376, 8
683380, 15
683381, 5
683382, 12
683386, 10
683389, 19
683390, 12
683391, 5
683392, 12
683393, 7
683394, 18
683396, 11
683397, 11
683398, 14
683399, 13
683404, 17
683410, 23
683416, 11
683419, 13
683421, 13
683427, 4
683428, 17
683431, 10
683433, 12
683439, 24
683440, 5
683441, 17
683444, 23
683445, 17
683446, 16
683447, 12
683448, 26
683449, 18
683450, 2
683451, 17
683452, 23
683455, 12
683456, 11
683457, 9
683458, 11
683459, 22
683460, 17
683461, 18
683464, 15
683468, 13
683471, 18
683473, 11
683474, 6
683477, 13
683478, 4
683479, 12
683480, 12
683483, 35
683484, 25
683485, 12
683486, 1
683488, 12
683489, 26
683490, 9
683491, 4
683492, 24
683493, 12
683495, 12
683498, 2
683499, 33
683500, 11
683501, 12
683502, 9
683505, 20
683507, 13
683508, 2
683509, 10
683510, 13
683511, 6
683512, 22
683513, 13
683514, 3
683515, 16
683516, 2
683518, 9
683519, 22
683520, 19
683521, 19
683522, 15
683524, 15
683525, 14
683526, 18
683528, 14
683529, 16
683530, 4
683531, 14
683532, 13
683533, 10
683534, 17
683536, 13
683538, 16
683540, 4
683541, 6
683543, 3
683544, 24
683545, 4
683546, 7
683547, 12
683548, 17
683549, 14
683552, 25
683553, 13
683554, 16
683556, 21
683557, 15
683558, 17
683559, 20
683560, 40
683561, 11
683563, 9
683565, 20
683570, 17
683572, 12
683573, 27
683574, 33
683575, 13
683576, 13
683577, 14
683578, 18
683579, 12
683580, 11
683581, 15
683584, 14
683586, 10
683587, 13
683588, 13
683589, 9
683590, 11
683592, 19
683594, 16
683595, 29
683596, 27
683597, 16
683598, 16
683599, 11
683600, 16
683601, 12
683602, 13
683605, 15
683606, 2
683607, 2
683608, 19
683609, 34
683610, 6
683611, 1
683612, 20
683613, 28
683614, 17
683615, 11
683618, 11
683619, 19
683621, 27
683623, 15
683628, 14
683629, 21
683630, 13
683631, 25
683632, 13
683633, 11
683634, 10
683635, 17
683636, 3
683638, 12
683639, 10
683641, 18
683643, 11
683644, 12
683645, 27
683646, 8
683647, 13
683650, 2
683651, 15
683652, 13
683653, 13
683654, 28
683655, 17
683657, 25
683660, 13
683664, 22
683665, 19
683668, 23
683671, 18
683676, 18
683677, 14
683678, 23
683679, 19
683680, 4
683681, 8
683683, 15
683685, 5
683686, 22
683687, 25
683688, 15
683689, 14
683690, 14
683694, 22
683698, 16
683699, 14
683700, 16
683703, 8
683704, 3
683705, 13
683706, 18
683707, 16
683708, 32
683709, 17
683710, 19
683711, 20
683712, 7
683714, 20
683715, 3
683716, 11
683717, 8
683718, 21
683721, 16
683722, 13
683723, 12
683726, 15
683729, 22
683732, 19
683733, 6
683736, 22
683737, 10
683738, 12
683739, 11
683741, 9
683743, 11
683744, 14
683745, 19
683746, 18
683747, 10
683748, 7
683749, 12
683750, 8
683751, 1
683752, 11
683755, 10
683756, 12
683757, 2
683759, 16
683761, 14
683762, 18
683764, 16
683766, 15
683777, 13
683781, 7
683783, 23
683791, 14
683795, 12
683797, 11
683799, 2
683802, 12
683803, 24
683806, 16
683807, 18
683808, 2
683809, 18
683811, 12
683812, 24
683813, 19
683814, 2
683815, 21
683817, 13
683818, 16
683819, 23
683820, 12
683821, 9
683822, 23
683823, 22
683824, 15
683825, 28
683826, 17
683830, 33
683831, 19
683833, 30
683834, 12
683835, 10
683836, 18
683837, 6
683840, 9
683841, 14
683842, 10
683843, 16
683844, 25
683845, 16
683847, 10
683849, 23
683850, 22
683852, 12
683853, 11
683854, 20
683855, 10
683858, 3
683859, 15
683860, 16
683861, 10
683862, 17
683863, 10
683864, 14
683865, 8
683866, 14
683868, 24
683869, 15
683871, 19
683874, 8
683876, 19
683877, 23
683878, 8
683879, 7
683880, 15
683882, 9
683883, 11
683884, 9
683885, 11
683887, 31
683888, 27
683889, 10
683890, 7
683892, 13
683893, 16
683894, 9
683897, 9
683905, 17
683908, 8
683910, 13
683912, 10
683915, 19
683916, 19
683918, 5
683919, 13
683920, 10
683921, 12
683923, 11
683925, 10
683926, 12
683927, 9
683928, 12
683929, 16
683930, 10
683931, 14
683933, 12
683934, 9
683936, 12
683937, 16
683940, 9
683941, 13
683943, 22
683944, 7
683945, 44
683946, 13
683948, 12
683949, 16
683950, 8
683951, 11
683953, 2
683954, 9
683955, 32
683956, 9
683957, 15
683958, 9
683959, 7
683960, 16
683961, 2
683962, 15
683963, 11
683964, 14
683965, 5
683967, 8
683968, 10
683969, 14
683971, 13
683972, 9
683974, 7
683975, 36
683977, 7
683978, 13
683983, 12
683984, 13
683985, 8
683986, 23
683987, 4
683990, 12
683991, 11
683992, 9
683993, 23
683994, 8
683995, 9
683997, 8
683998, 6
684000, 11
684002, 9
684003, 21
684004, 11
684005, 21
684006, 11
684007, 8
684008, 10
684009, 27
684010, 8
684011, 2
684013, 14
684014, 15
684017, 23
684018, 23
684019, 9
684021, 13
684022, 9
684023, 9
684024, 11
684025, 4
684027, 1
684028, 11
684032, 5
684036, 10
684037, 11
684038, 15
684039, 18
684040, 15
684043, 13
684046, 20
684047, 16
684048, 2
684049, 21
684050, 10
684051, 11
684053, 15
684054, 18
684055, 2
684060, 2
684063, 1
684065, 11
684068, 27
684069, 9
684070, 22
684073, 43
684074, 10
684076, 10
684077, 9
684078, 1
684079, 4
684080, 11
684081, 17
684083, 15
684084, 11
684085, 11
684086, 9
684087, 18
684088, 11
684089, 11
684090, 18
684091, 14
684092, 17
684093, 1
684095, 20
684096, 18
684097, 1
684099, 11
684102, 14
684103, 8
684104, 19
684107, 19
684108, 4
684109, 1
684110, 12
684111, 11
684114, 10
684115, 7
684117, 15
684118, 8
684119, 15
684120, 3
684122, 4
684123, 16
684124, 8
684125, 17
684126, 14
684129, 13
684130, 15
684132, 15
684133, 12
684134, 17
684135, 2
684136, 18
684139, 13
684140, 14
684141, 16
684142, 15
684144, 13
684145, 14
684146, 8
684147, 13
684148, 13
684149, 15
684150, 17
684151, 10
684152, 12
684153, 21
684156, 18
684158, 17
684160, 11
684163, 16
684165, 17
684166, 25
684167, 51
684168, 2
684170, 15
684171, 1
684176, 19
684177, 23
684179, 5
684182, 7
684183, 2
684186, 25
684187, 1
684188, 27
684190, 34
684191, 13
684192, 10
684194, 9
684195, 22
684196, 24
684197, 25
684198, 3
684200, 32
684203, 24
684204, 3
684205, 12
684206, 18
684207, 42
684208, 10
684209, 9
684212, 18
684213, 1
684214, 16
684215, 11
684216, 24
684219, 1
684221, 13
684222, 30
684223, 26
684224, 27
684225, 5
684226, 12
684227, 16
684230, 16
684231, 14
684232, 16
684233, 16
684234, 27
684235, 27
684237, 38
684238, 8
684239, 12
684240, 13
684241, 46
684242, 18
684243, 18
684245, 29
684246, 4
684247, 34
684248, 13
684249, 17
684250, 15
684251, 31
684254, 14
684255, 2
684256, 15
684258, 2
684262, 10
684270, 16
684272, 3
684274, 10
684277, 14
684284, 34
684287, 18
684288, 7
684289, 16
684291, 16
684293, 12
684295, 20
684296, 21
684297, 20
684300, 15
684301, 6
684302, 13
684303, 16
684305, 10
684306, 16
684307, 10
684308, 16
684309, 14
684310, 17
684311, 6
684313, 24
684314, 19
684317, 14
684318, 15
684320, 17
684323, 2
684324, 14
684325, 17
684326, 16
684328, 34
684331, 14
684332, 4
684335, 17
684340, 10
684342, 18
684343, 25
684355, 11
684363, 8
684364, 10
684366, 10
684367, 9
684371, 16
684373, 9
684374, 15
684375, 14
684377, 7
684378, 28
684380, 16
684381, 25
684382, 1
684383, 35
684385, 2
684388, 6
684400, 12
684406, 16
684409, 20
684416, 18
684418, 12
684420, 16
684427, 13
684431, 9
684432, 10
684433, 3
684435, 11
684436, 24
684439, 16
684441, 12
684442, 12
684443, 11
684445, 17
684447, 24
684448, 14
684450, 22
684451, 15
684452, 20
684454, 6
684458, 15
684462, 6
684463, 18
684464, 9
684465, 2
684467, 5
684471, 18
684473, 19
684474, 19
684475, 24
684477, 21
684478, 15
684481, 14
684482, 10
684483, 22
684486, 3
684487, 4
684490, 21
684492, 9
684493, 21
684494, 6
684495, 23
684496, 8
684497, 7
684498, 16
684502, 31
684503, 6
684506, 12
684507, 8
684508, 23
684509, 8
684510, 12
684511, 16
684512, 5
684513, 9
684514, 14
684515, 12
684516, 12
684517, 16
684518, 5
684520, 9
684522, 16
684523, 12
684525, 5
684526, 3
684530, 3
684531, 27
684532, 9
684535, 25
684536, 9
684537, 15
684538, 7
684540, 27
684541, 5
684546, 8
684547, 19
684549, 13
684550, 18
684553, 4
684555, 21
684556, 3
684558, 15
684563, 14
684564, 5
684565, 17
684567, 16
684570, 23
684571, 21
684572, 10
684575, 22
684576, 1
684577, 3
684578, 15
684582, 20
684583, 9
684584, 19
684585, 16
684586, 4
684587, 8
684588, 7
684589, 10
684590, 11
684592, 10
684593, 10
684594, 9
684595, 8
684596, 6
684597, 10
684598, 17
684599, 12
684601, 9
684602, 14
684603, 10
684604, 14
684606, 6
684607, 9
684610, 7
684611, 16
684612, 16
684613, 14
684614, 4
684619, 20
684620, 6
684621, 10
684622, 20
684623, 11
684625, 23
684626, 12
684627, 11
684628, 2
684629, 12
684630, 16
684631, 3
684633, 9
684635, 14
684637, 9
684638, 10
684639, 8
684641, 15
684642, 10
684643, 9
684644, 15
684645, 8
684646, 1
684647, 4
684649, 7
684653, 15
684655, 10
684657, 2
684658, 2
684659, 10
684660, 3
684661, 14
684663, 22
684664, 15
684665, 18
684666, 18
684667, 22
684668, 14
684670, 14
684671, 24
684672, 15
684673, 6
684674, 9
684676, 10
684678, 2
684683, 15
684684, 15
684685, 14
684687, 8
684689, 14
684693, 18
684694, 7
684699, 7
684700, 23
684701, 20
684703, 4
684705, 9
684706, 13
684707, 6
684708, 30
684709, 8
684710, 9
684711, 10
684712, 11
684714, 10
684715, 10
684716, 19
684717, 8
684718, 9
684719, 10
684720, 10
684721, 5
684722, 13
684723, 8
684724, 7
684725, 10
684726, 11
684729, 7
684730, 8
684731, 11
684732, 13
684733, 6
684734, 9
684735, 1
684737, 8
684738, 10
684740, 9
684742, 16
684743, 9
684744, 10
684745, 9
684746, 9
684747, 17
684748, 16
684749, 14
684751, 18
684752, 2
684753, 2
684754, 15
684755, 17
684756, 17
684757, 12
684758, 18
684759, 17
684760, 1
684762, 10
684763, 18
684764, 14
684765, 14
684766, 28
684769, 3
684770, 10
684771, 2
684772, 21
684773, 7
684774, 17
684775, 18
684776, 10
684777, 12
684778, 23
684779, 10
684780, 8
684781, 19
684782, 10
684783, 17
684784, 10
684785, 8
684786, 16
684787, 6
684788, 11
684790, 15
684791, 8
684792, 9
684793, 8
684795, 11
684796, 9
684797, 16
684798, 9
684799, 12
684802, 15
684804, 12
684805, 3
684809, 12
684810, 13
684812, 11
684813, 8
684814, 15
684815, 14
684818, 1
684821, 11
684823, 7
684824, 3
684825, 13
684826, 10
684827, 13
684828, 21
684830, 11
684831, 10
684833, 13
684835, 22
684836, 11
684838, 1
684839, 13
684840, 13
684843, 23
684844, 7
684845, 10
684849, 17
684850, 11
684851, 11
684852, 10
684853, 19
684854, 10
684855, 16
684857, 17
684860, 19
684861, 11
684862, 12
684864, 14
684865, 12
684866, 12
684869, 14
684870, 13
684872, 8
684873, 7
684875, 17
684876, 16
684877, 15
684879, 15
684880, 15
684883, 16
684884, 12
684886, 12
684887, 8
684888, 8
684889, 4
684890, 7
684892, 8
684893, 8
684894, 8
684895, 9
684896, 9
684897, 9
684898, 6
684899, 10
684900, 9
684903, 8
684904, 7
684908, 7
684909, 18
684912, 8
684913, 13
684914, 17
684915, 14
684916, 6
684918, 15
684920, 15
684921, 10
684922, 7
684923, 19
684924, 16
684925, 20
684926, 21
684935, 9
684936, 18
684937, 29
684942, 30
684943, 4
684944, 11
684945, 10
684946, 5
684947, 13
684948, 11
684949, 11
684950, 9
684953, 10
684954, 12
684955, 11
684956, 12
684960, 9
684961, 8
684962, 8
684963, 9
684965, 10
684966, 13
684968, 9
684969, 9
684970, 14
684972, 8
684974, 15
684975, 10
684976, 10
684977, 10
684978, 14
684979, 12
684982, 10
684983, 10
684984, 15
684985, 4
684986, 9
684987, 9
684988, 11
684990, 14
684992, 11
684993, 5
684994, 13
684995, 19
684998, 2
684999, 1
685000, 6
685001, 10
685002, 3
685003, 14
685005, 18
685006, 15
685008, 16
685009, 4
685010, 17
685012, 20
685014, 22
685016, 17
685017, 4
685018, 22
685022, 1
685025, 18
685026, 17
685029, 6
685030, 10
685031, 10
685032, 12
685034, 9
685036, 23
685037, 13
685038, 19
685040, 10
685041, 2
685046, 4
685047, 11
685048, 5
685050, 20
685051, 4
685052, 20
685054, 20
685055, 15
685056, 9
685057, 11
685058, 11
685059, 3
685062, 15
685063, 9
685065, 3
685067, 17
685068, 3
685069, 17
685070, 16
685071, 11
685073, 10
685077, 13
685078, 13
685079, 13
685080, 11
685081, 15
685082, 12
685083, 12
685084, 11
685085, 15
685086, 1
685090, 14
685091, 15
685092, 15
685093, 15
685094, 15
685095, 10
685097, 12
685099, 8
685101, 11
685102, 14
685104, 14
685108, 11
685109, 14
685111, 15
685112, 11
685117, 8
685118, 1
685119, 13
685120, 14
685121, 17
685122, 19
685123, 10
685124, 15
685126, 12
685127, 5
685128, 19
685129, 1
685130, 12
685134, 8
685138, 17
685139, 14
685140, 13
685141, 8
685142, 13
685143, 14
685144, 6
685146, 12
685147, 7
685148, 15
685150, 10
685153, 10
685154, 3
685155, 10
685156, 9
685157, 6
685158, 10
685159, 41
685161, 9
685162, 8
685163, 8
685166, 29
685167, 21
685169, 7
685170, 15
685171, 8
685173, 21
685174, 5
685175, 8
685176, 8
685177, 12
685180, 8
685181, 3
685183, 7
685186, 25
685187, 21
685188, 12
685190, 12
685191, 7
685192, 12
685193, 5
685195, 7
685196, 5
685197, 9
685198, 8
685199, 12
685200, 10
685201, 24
685202, 7
685203, 5
685204, 6
685205, 8
685206, 8
685209, 11
685211, 10
685212, 11
685213, 3
685214, 13
685215, 13
685216, 24
685217, 9
685218, 16
685220, 10
685221, 6
685222, 10
685224, 24
685225, 16
685227, 12
685228, 17
685229, 2
685230, 10
685231, 13
685232, 11
685236, 11
685237, 8
685238, 17
685239, 17
685240, 14
685241, 6
685242, 14
685243, 70
685246, 11
685248, 13
685249, 14
685251, 22
685252, 8
685254, 23
685257, 5
685259, 1
685260, 23
685261, 21
685263, 15
685265, 14
685267, 13
685271, 14
685272, 12
685274, 14
685275, 14
685276, 10
685277, 15
685278, 13
685279, 3
685280, 15
685281, 14
685282, 7
685283, 10
685284, 6
685285, 23
685286, 15
685287, 21
685288, 17
685290, 3
685291, 27
685292, 21
685293, 21
685294, 25
685302, 22
685303, 10
685304, 7
685305, 1
685308, 11
685309, 8
685312, 21
685313, 15
685314, 9
685315, 6
685316, 7
685318, 9
685319, 9
685320, 12
685322, 17
685323, 12
685324, 9
685325, 4
685327, 12
685328, 5
685332, 7
685334, 30
685335, 33
685336, 13
685337, 8
685338, 11
685341, 15
685343, 13
685344, 8
685345, 10
685349, 20
685350, 13
685352, 15
685353, 11
685354, 12
685355, 14
685357, 10
685358, 9
685359, 10
685360, 11
685361, 11
685362, 12
685363, 12
685364, 8
685368, 12
685369, 14
685370, 4
685373, 26
685375, 33
685376, 20
685384, 14
685385, 16
685387, 8
685390, 13
685391, 15
685392, 19
685393, 13
685394, 16
685395, 14
685396, 17
685401, 15
685402, 6
685403, 22
685405, 6
685407, 27
685408, 3
685409, 18
685412, 19
685413, 1
685416, 1
685419, 5
685420, 20
685421, 18
685425, 17
685427, 9
685430, 22
685431, 30
685432, 14
685434, 31
685435, 8
685438, 15
685440, 23
685441, 24
685442, 26
685443, 15
685444, 9
685445, 11
685448, 12
685450, 13
685452, 7
685453, 9
685454, 9
685455, 9
685456, 14
685457, 5
685458, 14
685459, 14
685460, 17
685461, 6
685465, 11
685466, 14
685469, 14
685470, 6
685471, 4
685472, 10
685474, 18
685475, 17
685478, 4
685479, 12
685480, 12
685481, 11
685482, 7
685483, 10
685485, 10
685486, 10
685488, 15
685489, 7
685490, 15
685491, 9
685492, 22
685493, 17
685494, 3
685495, 10
685496, 16
685497, 3
685498, 16
685499, 6
685500, 9
685501, 11
685502, 3
685504, 4
685505, 11
685506, 15
685508, 11
685509, 8
685510, 9
685511, 11
685512, 9
685513, 18
685514, 18
685515, 4
685516, 7
685517, 20
685518, 36
685519, 11
685520, 17
685522, 17
685523, 1
685524, 15
685528, 11
685531, 13
685532, 12
685533, 9
685534, 11
685535, 13
685536, 9
685537, 10
685538, 10
685540, 5
685542, 9
685545, 13
685546, 12
685547, 9
685548, 13
685549, 10
685553, 14
685556, 12
685557, 5
685558, 12
685561, 24
685562, 14
685563, 5
685565, 8
685566, 14
685569, 23
685570, 8
685571, 13
685574, 20
685575, 11
685577, 15
685578, 18
685579, 13
685581, 14
685582, 10
685583, 11
685585, 11
685587, 7
685588, 11
685589, 11
685590, 10
685591, 3
685592, 9
685593, 15
685595, 14
685597, 9
685598, 14
685599, 12
685600, 14
685601, 9
685607, 13
685609, 17
685610, 16
685613, 15
685614, 16
685616, 12
685617, 11
685618, 12
685620, 16
685625, 37
685626, 14
685628, 17
685629, 12
685632, 13
685634, 11
685635, 17
685636, 15
685637, 18
685638, 8
685639, 18
685641, 14
685642, 11
685643, 22
685644, 11
685645, 10
685646, 23
685648, 7
685649, 11
685650, 9
685652, 20
685655, 13
685656, 5
685657, 15
685659, 14
685660, 19
685662, 10
685664, 14
685665, 25
685666, 3
685667, 4
685668, 10
685669, 13
685672, 8
685673, 5
685674, 12
685675, 9
685677, 12
685678, 10
685679, 8
685680, 11
685682, 10
685683, 9
685685, 13
685686, 3
685689, 14
685690, 22
685691, 9
685692, 13
685693, 10
685694, 5
685695, 5
685697, 13
685699, 8
685700, 14
685701, 22
685704, 14
685705, 9
685706, 19
685707, 3
685709, 7
685711, 17
685712, 37
685713, 19
685714, 19
685715, 18
685719, 12
685725, 17
685726, 24
685727, 18
685728, 16
685729, 15
685730, 15
685731, 15
685732, 1
685734, 1
685737, 15
685738, 11
685739, 8
685740, 11
685741, 11
685742, 14
685744, 3
685745, 17
685746, 13
685747, 11
685750, 17
685751, 14
685752, 17
685754, 9
685755, 9
685756, 10
685757, 11
685760, 10
685761, 11
685762, 22
685766, 13
685769, 3
685773, 20
685774, 11
685776, 12
685777, 12
685780, 4
685782, 6
685783, 3
685784, 16
685785, 24
685787, 9
685788, 16
685789, 7
685790, 20
685791, 17
685792, 14
685793, 10
685794, 14
685795, 6
685796, 12
685797, 10
685798, 13
685799, 14
685801, 11
685802, 1
685803, 14
685804, 19
685807, 20
685808, 27
685809, 11
685812, 9
685813, 21
685814, 12
685815, 4
685816, 17
685817, 27
685818, 16
685821, 13
685822, 18
685824, 10
685825, 1
685827, 11
685828, 17
685829, 9
685830, 13
685832, 10
685833, 11
685834, 13
685835, 11
685836, 17
685838, 9
685839, 17
685840, 10
685841, 3
685843, 3
685844, 12
685845, 13
685846, 13
685847, 12
685848, 11
685849, 16
685850, 14
685853, 11
685856, 16
685857, 13
685860, 11
685867, 7
685869, 9
685873, 12
685874, 10
685876, 10
685879, 13
685880, 8
685883, 9
685884, 9
685885, 13
685887, 10
685888, 3
685889, 13
685892, 4
685893, 18
685894, 5
685895, 15
685896, 17
685897, 25
685898, 17
685900, 17
685902, 20
685904, 25
685905, 11
685907, 13
685908, 12
685909, 3
685910, 11
685912, 12
685913, 11
685914, 11
685916, 12
685917, 12
685918, 9
685919, 13
685920, 15
685922, 10
685923, 10
685927, 8
685928, 16
685929, 13
685930, 9
685931, 28
685932, 12
685933, 13
685934, 5
685935, 14
685937, 6
685938, 19
685939, 9
685940, 9
685944, 10
685945, 12
685947, 24
685948, 9
685949, 13
685951, 9
685953, 12
685956, 11
685958, 13
685961, 5
685964, 13
685965, 12
685966, 16
685967, 15
685969, 13
685972, 12
685973, 16
685974, 6
685975, 15
685979, 12
685980, 13
685981, 12
685982, 17
685984, 8
685985, 18
685987, 3
685988, 11
685989, 2
685990, 5
685991, 3
685992, 7
685994, 7
685995, 5
685998, 5
685999, 18
686000, 12
686001, 10
686002, 3
686003, 3
686005, 15
686006, 8
686008, 12
686009, 15
686011, 18
686012, 31
686013, 29
686014, 11
686015, 12
686018, 7
686019, 19
686021, 22
686023, 6
686024, 4
686027, 8
686028, 30
686029, 14
686030, 12
686032, 16
686033, 10
686034, 9
686035, 16
686036, 9
686037, 7
686038, 7
686039, 8
686040, 7
686041, 18
686043, 7
686045, 9
686046, 4
686047, 3
686048, 11
686057, 20
686059, 8
686064, 10
686066, 14
686069, 14
686070, 16
686071, 15
686074, 12
686075, 26
686076, 25
686077, 16
686080, 4
686081, 15
686084, 16
686087, 18
686088, 20
686089, 17
686093, 11
686094, 15
686096, 17
686097, 3
686098, 11
686099, 10
686101, 9
686102, 14
686104, 11
686105, 11
686106, 4
686107, 10
686108, 15
686109, 8
686111, 13
686113, 13
686114, 20
686115, 13
686117, 12
686119, 14
686124, 8
686126, 13
686127, 13
686128, 13
686131, 11
686133, 10
686135, 17
686136, 21
686138, 19
686139, 14
686142, 10
686143, 4
686144, 4
686145, 25
686148, 1
686149, 19
686150, 8
686151, 12
686153, 1
686154, 16
686156, 17
686157, 18
686159, 19
686164, 16
686167, 5
686169, 11
686170, 12
686171, 15
686172, 19
686173, 16
686176, 12
686178, 10
686179, 12
686181, 19
686182, 2
686183, 10
686185, 11
686187, 23
686189, 15
686191, 2
686203, 16
686204, 42
686205, 4
686208, 8
686210, 15
686211, 13
686213, 5
686214, 3
686215, 9
686216, 7
686217, 11
686218, 15
686222, 11
686224, 11
686225, 12
686226, 7
686228, 15
686229, 14
686230, 18
686231, 18
686232, 10
686233, 13
686234, 1
686235, 14
686238, 1
686239, 13
686241, 11
686247, 12
686248, 19
686249, 18
686252, 21
686257, 1
686261, 14
686263, 18
686265, 10
686274, 13
686275, 12
686276, 16
686281, 6
686283, 12
686285, 15
686287, 11
686288, 16
686290, 9
686291, 9
686292, 12
686293, 18
686294, 17
686295, 7
686296, 19
686297, 9
686298, 7
686300, 9
686301, 8
686302, 14
686303, 19
686305, 8
686307, 7
686309, 13
686310, 5
686311, 9
686313, 20
686315, 12
686319, 17
686320, 19
686321, 26
686322, 1
686323, 10
686324, 10
686326, 2
686330, 2
686331, 20
686332, 25
686333, 18
686334, 17
686335, 13
686336, 11
686337, 9
686341, 16
686349, 18
686354, 30
686356, 9
686359, 10
686360, 1
686361, 10
686363, 7
686364, 12
686365, 7
686366, 12
686367, 3
686368, 11
686369, 14
686370, 11
686371, 9
686372, 14
686373, 12
686374, 12
686375, 10
686376, 11
686377, 3
686378, 19
686381, 20
686382, 17
686385, 13
686387, 14
686388, 14
686389, 14
686390, 12
686391, 12
686392, 13
686393, 14
686394, 11
686397, 12
686398, 12
686399, 8
686400, 6
686401, 11
686402, 9
686403, 15
686404, 9
686405, 11
686406, 9
686408, 24
686410, 12
686413, 17
686414, 5
686415, 14
686417, 25
686418, 4
686419, 1
686421, 17
686423, 12
686424, 12
686425, 8
686426, 17
686428, 2
686431, 18
686433, 2
686437, 17
686439, 14
686440, 18
686441, 17
686442, 17
686443, 15
686444, 15
686445, 4
686448, 9
686449, 12
686450, 16
686455, 17
686457, 11
686458, 10
686459, 11
686460, 7
686461, 14
686462, 8
686463, 15
686464, 9
686465, 18
686467, 14
686468, 3
686470, 17
686471, 16
686472, 9
686473, 10
686474, 14
686476, 6
686478, 9
686479, 5
686480, 3
686481, 8
686482, 9
686483, 17
686484, 3
686485, 9
686489, 16
686495, 18
686496, 17
686497, 8
686503, 7
686509, 16
686512, 13
686513, 3
686514, 14
686515, 10
686517, 9
686518, 13
686520, 10
686521, 7
686522, 9
686523, 13
686524, 9
686525, 10
686526, 9
686528, 14
686529, 13
686530, 14
686531, 14
686532, 8
686534, 21
686535, 16
686537, 14
686538, 5
686539, 1
686544, 14
686545, 13
686546, 17
686547, 15
686550, 2
686552, 13
686553, 16
686554, 2
686556, 4
686559, 16
686560, 35
686561, 18
686562, 16
686564, 18
686573, 8
686574, 8
686575, 10
686576, 10
686578, 8
686579, 9
686581, 9
686582, 4
686584, 10
686585, 8
686587, 21
686588, 11
686589, 15
686591, 13
686592, 29
686595, 16
686596, 13
686597, 12
686598, 35
686599, 4
686600, 4
686601, 30
686602, 13
686605, 15
